,matchup,game_id,season,week,season_type,start_time,home_team,home_conference,away_team,away_conference,home_off_plays,home_off_drives,home_off_ppa,home_off_total_ppa,home_off_success_rate,home_off_explosiveness,home_off_power_success,home_off_stuff_rate,home_off_line_yds,home_off_line_yds_total,home_off_second_lvl_yds,home_off_second_lvl_yds_total,home_off_open_field_yds,home_off_open_field_yds_total,home_off_pts_per_opp,home_off_field_pos_avg_start,home_off_field_pos_avg_predicted_points,home_off_havoc_total,home_off_havoc_front_seven,home_off_havoc_db,home_off_standard_downs_rate,home_off_standard_downs_ppa,home_off_standard_downs_success_rate,home_off_standard_downs_explosiveness,home_off_passing_downs_rate,home_off_passing_downs_ppa,home_off_passing_downs_success_rate,home_off_passing_downs_explosiveness,home_off_rushing_plays_rate,home_off_rushing_plays_ppa,home_off_rushing_plays_total_ppa,home_off_rushing_plays_success_rate,home_off_rushing_plays_explosiveness,home_off_passing_plays_rate,home_off_passing_plays_ppa,home_off_passing_plays_total_ppa,home_off_passing_plays_success_rate,home_off_passing_plays_explosiveness,home_def_plays,home_def_drives,home_def_ppa,home_def_total_ppa,home_def_success_rate,home_def_explosiveness,home_def_power_success,home_def_stuff_rate,home_def_line_yds,home_def_line_yds_total,home_def_second_lvl_yds,home_def_second_lvl_yds_total,home_def_open_field_yds,home_def_open_field_yds_total,home_def_pts_per_opp,home_def_field_pos_avg_start,home_def_field_pos_avg_predicted_points,home_def_havoc_total,home_def_havoc_front_seven,home_def_havoc_db,home_def_standard_downs_rate,home_def_standard_downs_ppa,home_def_standard_downs_success_rate,home_def_standard_downs_explosiveness,home_def_passing_downs_rate,home_def_passing_downs_ppa,home_def_passing_downs_total_ppa,home_def_passing_downs_success_rate,home_def_passing_downs_explosiveness,home_def_rushing_plays_rate,home_def_rushing_plays_ppa,home_def_rushing_plays_total_ppa,home_def_rushing_plays_success_rate,home_def_rushing_plays_explosiveness,home_def_passing_plays_rate,home_def_passing_plays_ppa,home_def_passing_plays_success_rate,home_def_passing_plays_explosiveness,home_logo,home_color,home_alt_color,away_off_plays,away_off_drives,away_off_ppa,away_off_total_ppa,away_off_success_rate,away_off_explosiveness,away_off_power_success,away_off_stuff_rate,away_off_line_yds,away_off_line_yds_total,away_off_second_lvl_yds,away_off_second_lvl_yds_total,away_off_open_field_yds,away_off_open_field_yds_total,away_off_pts_per_opp,away_off_field_pos_avg_start,away_off_field_pos_avg_predicted_points,away_off_havoc_total,away_off_havoc_front_seven,away_off_havoc_db,away_off_standard_downs_rate,away_off_standard_downs_ppa,away_off_standard_downs_success_rate,away_off_standard_downs_explosiveness,away_off_passing_downs_rate,away_off_passing_downs_ppa,away_off_passing_downs_success_rate,away_off_passing_downs_explosiveness,away_off_rushing_plays_rate,away_off_rushing_plays_ppa,away_off_rushing_plays_total_ppa,away_off_rushing_plays_success_rate,away_off_rushing_plays_explosiveness,away_off_passing_plays_rate,away_off_passing_plays_ppa,away_off_passing_plays_total_ppa,away_off_passing_plays_success_rate,away_off_passing_plays_explosiveness,away_def_plays,away_def_drives,away_def_ppa,away_def_total_ppa,away_def_success_rate,away_def_explosiveness,away_def_power_success,away_def_stuff_rate,away_def_line_yds,away_def_line_yds_total,away_def_second_lvl_yds,away_def_second_lvl_yds_total,away_def_open_field_yds,away_def_open_field_yds_total,away_def_pts_per_opp,away_def_field_pos_avg_start,away_def_field_pos_avg_predicted_points,away_def_havoc_total,away_def_havoc_front_seven,away_def_havoc_db,away_def_standard_downs_rate,away_def_standard_downs_ppa,away_def_standard_downs_success_rate,away_def_standard_downs_explosiveness,away_def_passing_downs_rate,away_def_passing_downs_ppa,away_def_passing_downs_total_ppa,away_def_passing_downs_success_rate,away_def_passing_downs_explosiveness,away_def_rushing_plays_rate,away_def_rushing_plays_ppa,away_def_rushing_plays_total_ppa,away_def_rushing_plays_success_rate,away_def_rushing_plays_explosiveness,away_def_passing_plays_rate,away_def_passing_plays_ppa,away_def_passing_plays_success_rate,away_def_passing_plays_explosiveness,away_logo,away_color,away_alt_color,home_off_finishing_drives,home_def_finishing_drives,home_SP+,away_off_finishing_drives,away_def_finishing_drives,away_SP+
1,Connecticut @ Fresno State,401286187,2021,1,regular,2021-08-28T04:00:00.000Z,Fresno State,Mountain West,Connecticut,American Athletic,93,96,38,63,39,33,70,104,92,108,98,109,53,89,49,66,60,41,76,14,72,81,47,72,72,10,24,23,119,56,69,73,43,9,54,54,24,75,100,100,85,52,17,122,119,81,73,27,90,36,119,81,65,50,53,36,16,91,17,56,11,120,17,96,20,41,100,56,117,90,57,125,72,23,3,85,http://a.espncdn.com/i/teamlogos/ncaa/500/278.png,#c41230,#231f20,#N/A,#N/A,#N/A,#N/A,#N/A,#N/A,#N/A,#N/A,#N/A,#N/A,#N/A,#N/A,#N/A,#N/A,#N/A,#N/A,#N/A,#N/A,#N/A,#N/A,#N/A,#N/A,#N/A,#N/A,#N/A,#N/A,#N/A,#N/A,#N/A,#N/A,#N/A,#N/A,#N/A,#N/A,#N/A,#N/A,#N/A,#N/A,#N/A,#N/A,#N/A,#N/A,#N/A,#N/A,#N/A,#N/A,#N/A,#N/A,#N/A,#N/A,#N/A,#N/A,#N/A,#N/A,#N/A,#N/A,#N/A,#N/A,#N/A,#N/A,#N/A,#N/A,#N/A,#N/A,#N/A,#N/A,#N/A,#N/A,#N/A,#N/A,#N/A,#N/A,#N/A,#N/A,#N/A,#N/A,#N/A,#N/A,#N/A,49,66,82,#N/A,#N/A,#N/A
2,Southern Utah @ San José State,401310693,2021,1,regular,2021-08-28T04:00:00.000Z,San José State,Mountain West,Southern Utah,NA,85,80,53,68,59,35,125,122,119,104,85,96,58,81,109,1,1,23,16,77,28,87,74,49,28,24,36,30,110,118,118,107,80,17,30,30,21,58,78,80,51,48,39,92,21,83,50,38,25,30,14,21,3,1,1,77,45,112,40,62,36,105,40,37,45,59,31,97,53,53,39,83,31,47,39,65,NA,NA,NA,#N/A,#N/A,#N/A,#N/A,#N/A,#N/A,#N/A,#N/A,#N/A,#N/A,#N/A,#N/A,#N/A,#N/A,#N/A,#N/A,#N/A,#N/A,#N/A,#N/A,#N/A,#N/A,#N/A,#N/A,#N/A,#N/A,#N/A,#N/A,#N/A,#N/A,#N/A,#N/A,#N/A,#N/A,#N/A,#N/A,#N/A,#N/A,#N/A,#N/A,#N/A,#N/A,#N/A,#N/A,#N/A,#N/A,#N/A,#N/A,#N/A,#N/A,#N/A,#N/A,#N/A,#N/A,#N/A,#N/A,#N/A,#N/A,#N/A,#N/A,#N/A,#N/A,#N/A,#N/A,#N/A,#N/A,#N/A,#N/A,#N/A,#N/A,#N/A,#N/A,#N/A,#N/A,#N/A,#N/A,#N/A,#N/A,#N/A,#N/A,#N/A,#N/A,#N/A,#N/A,#N/A
3,Nebraska @ Illinois,401282714,2021,1,regular,2021-08-28T17:00:00.000Z,Illinois,Big Ten,Nebraska,Big Ten,87,81,93,89,110,19,40,80,62,62,47,56,37,39,113,95,95,51,63,38,114,83,110,25,114,99,95,39,14,66,54,75,27,114,102,105,121,6,75,82,115,113,124,30,106,102,122,104,120,112,102,107,115,100,99,98,75,117,124,119,124,68,124,75,99,65,37,8,110,110,113,30,120,118,125,68,http://a.espncdn.com/i/teamlogos/ncaa/500/356.png,#f77329,#E84A27,78,85,59,66,22,125,16,77,50,57,18,37,51,46,91,125,125,88,104,37,21,34,10,120,21,85,112,49,36,23,34,14,83,92,89,86,46,122,76,82,66,66,58,77,9,27,45,64,44,56,56,59,72,26,23,62,40,87,84,72,44,79,84,66,65,88,60,31,59,66,48,86,96,73,77,62,http://a.espncdn.com/i/teamlogos/ncaa/500/158.png,#F20017,#f5f1e7,113,115,81,91,72,32
4,Hawai'i @ UCLA,401309833,2021,1,regular,2021-08-28T19:30:00.000Z,UCLA,Pac-12,Hawai'i,Mountain West,86,91,30,47,29,67,108,82,54,61,10,36,38,41,35,89,84,70,62,70,52,31,23,55,52,32,54,64,19,55,49,39,40,109,20,49,25,76,82,85,52,45,96,11,99,76,79,35,67,38,11,12,44,39,45,79,73,78,54,35,102,3,54,73,39,105,50,110,75,63,119,6,18,31,59,24,http://a.espncdn.com/i/teamlogos/ncaa/500/26.png,#005C8E,#ffc72c,63,66,46,44,89,26,58,50,61,70,60,66,57,56,111,31,34,61,86,21,110,66,94,46,110,50,67,40,100,22,38,76,12,28,74,63,94,79,59,62,58,71,60,99,126,33,66,88,81,94,90,105,24,3,5,52,60,40,46,77,72,88,46,42,31,41,102,19,92,106,81,100,109,22,29,102,http://a.espncdn.com/i/teamlogos/ncaa/500/62.png,#003420,#ffffff,35,45,29,111,24,97
5,UAB @ Jacksonville State,401282050,2021,1,regular,2021-09-01T23:30:00.000Z,Jacksonville State,NA,UAB,Conference USA,#N/A,#N/A,#N/A,#N/A,#N/A,#N/A,#N/A,#N/A,#N/A,#N/A,#N/A,#N/A,#N/A,#N/A,#N/A,#N/A,#N/A,#N/A,#N/A,#N/A,#N/A,#N/A,#N/A,#N/A,#N/A,#N/A,#N/A,#N/A,#N/A,#N/A,#N/A,#N/A,#N/A,#N/A,#N/A,#N/A,#N/A,#N/A,#N/A,#N/A,#N/A,#N/A,#N/A,#N/A,#N/A,#N/A,#N/A,#N/A,#N/A,#N/A,#N/A,#N/A,#N/A,#N/A,#N/A,#N/A,#N/A,#N/A,#N/A,#N/A,#N/A,#N/A,#N/A,#N/A,#N/A,#N/A,#N/A,#N/A,#N/A,#N/A,#N/A,#N/A,#N/A,#N/A,#N/A,#N/A,#N/A,#N/A,#N/A,68,53,51,55,67,58,94,102,71,44,89,52,63,37,72,48,49,33,25,75,67,71,70,103,67,46,56,20,17,86,72,68,102,111,29,40,65,12,70,67,11,13,2,107,33,22,52,53,53,53,76,61,48,85,89,25,47,20,10,22,4,118,10,6,7,3,49,90,47,44,7,116,38,6,5,67,http://a.espncdn.com/i/teamlogos/ncaa/500/5.png,#003b28,#ffc845,#N/A,#N/A,#N/A,72,49,68
6,Weber State @ Utah,401309834,2021,1,regular,2021-09-02T04:00:00.000Z,Utah,Pac-12,Weber State,NA,115,111,80,100,47,80,114,120,66,109,25,97,19,76,82,23,29,31,46,35,69,79,58,51,69,65,30,111,60,64,80,69,14,68,84,97,35,118,117,110,18,11,25,21,49,4,6,2,88,6,89,19,19,77,69,26,61,8,5,74,41,115,5,1,21,18,1,126,7,8,16,62,2,29,37,3,http://a.espncdn.com/i/teamlogos/ncaa/500/254.png,#890012,#7e8083,#N/A,#N/A,#N/A,#N/A,#N/A,#N/A,#N/A,#N/A,#N/A,#N/A,#N/A,#N/A,#N/A,#N/A,#N/A,#N/A,#N/A,#N/A,#N/A,#N/A,#N/A,#N/A,#N/A,#N/A,#N/A,#N/A,#N/A,#N/A,#N/A,#N/A,#N/A,#N/A,#N/A,#N/A,#N/A,#N/A,#N/A,#N/A,#N/A,#N/A,#N/A,#N/A,#N/A,#N/A,#N/A,#N/A,#N/A,#N/A,#N/A,#N/A,#N/A,#N/A,#N/A,#N/A,#N/A,#N/A,#N/A,#N/A,#N/A,#N/A,#N/A,#N/A,#N/A,#N/A,#N/A,#N/A,#N/A,#N/A,#N/A,#N/A,#N/A,#N/A,#N/A,#N/A,#N/A,#N/A,#N/A,#N/A,#N/A,82,19,20,#N/A,#N/A,#N/A
7,Temple @ Rutgers,401282822,2021,1,regular,2021-09-02T22:30:00.000Z,Rutgers,Big Ten,Temple,American Athletic,59,51,111,107,116,64,33,65,108,75,110,81,86,73,85,40,35,102,82,114,115,106,107,73,115,111,116,55,77,105,105,116,39,53,96,85,105,94,49,53,80,94,81,66,32,38,36,83,82,102,91,111,85,74,62,60,18,118,86,71,75,55,86,97,97,84,80,22,60,76,71,72,106,96,86,79,http://a.espncdn.com/i/teamlogos/ncaa/500/164.png,#d21034,#ffffff,83,85,106,102,112,89,86,34,94,86,118,100,118,112,52,48,73,75,49,93,101,99,116,63,101,104,81,117,62,116,117,122,113,66,73,73,74,69,92,87,116,95,89,109,125,103,107,74,101,72,71,57,92,29,24,66,23,114,69,115,100,86,69,109,93,79,125,7,104,94,104,55,121,123,65,127,http://a.espncdn.com/i/teamlogos/ncaa/500/218.png,#A80532,#a7a9ac,85,85,83,52,92,105
8,Long Island University @ Florida International,401282051,2021,1,regular,2021-09-02T23:00:00.000Z,Florida International,Conference USA,Long Island University,NA,119,115,121,121,125,60,29,25,37,116,86,117,14,83,94,51,52,118,113,118,116,119,126,16,116,120,115,123,61,45,74,113,8,67,127,126,127,115,113,114,68,35,66,27,77,45,38,20,102,39,116,68,94,86,83,55,38,76,75,36,57,10,75,115,25,90,85,9,82,61,72,70,119,64,45,32,http://a.espncdn.com/i/teamlogos/ncaa/500/2229.png,#001538,#c5960c,#N/A,#N/A,#N/A,#N/A,#N/A,#N/A,#N/A,#N/A,#N/A,#N/A,#N/A,#N/A,#N/A,#N/A,#N/A,#N/A,#N/A,#N/A,#N/A,#N/A,#N/A,#N/A,#N/A,#N/A,#N/A,#N/A,#N/A,#N/A,#N/A,#N/A,#N/A,#N/A,#N/A,#N/A,#N/A,#N/A,#N/A,#N/A,#N/A,#N/A,#N/A,#N/A,#N/A,#N/A,#N/A,#N/A,#N/A,#N/A,#N/A,#N/A,#N/A,#N/A,#N/A,#N/A,#N/A,#N/A,#N/A,#N/A,#N/A,#N/A,#N/A,#N/A,#N/A,#N/A,#N/A,#N/A,#N/A,#N/A,#N/A,#N/A,#N/A,#N/A,#N/A,#N/A,#N/A,#N/A,#N/A,#N/A,#N/A,94,94,110,#N/A,#N/A,#N/A
9,Boise State @ UCF,401300995,2021,1,regular,2021-09-02T23:00:00.000Z,UCF,American Athletic,Boise State,Mountain West,5,18,14,7,19,34,3,20,35,15,73,29,69,33,14,59,51,24,20,64,48,21,22,68,48,11,21,13,78,46,27,12,109,50,12,6,39,11,20,23,91,114,95,61,42,57,69,110,94,117,32,63,107,86,97,46,35,54,66,82,98,41,66,86,125,107,92,62,49,67,89,14,66,112,106,109,http://a.espncdn.com/i/teamlogos/ncaa/500/2116.png,#000000,#231f20,96,94,66,83,55,87,9,81,110,104,121,114,124,123,30,29,28,46,64,23,83,53,33,104,83,80,80,47,90,109,110,55,123,38,41,53,59,39,88,85,60,51,7,119,37,30,53,43,45,40,46,40,99,64,66,75,49,103,9,53,20,110,9,60,48,9,117,43,50,49,18,109,85,71,8,119,http://a.espncdn.com/i/teamlogos/ncaa/500/68.png,#09347A,#d8d9da,14,107,34,30,99,39
10,Western Illinois @ Ball State,401309540,2021,1,regular,2021-09-02T23:00:00.000Z,Ball State,Mid-American,Western Illinois,NA,80,88,49,62,30,94,98,25,46,59,84,72,108,95,57,10,9,60,48,73,23,86,43,125,23,21,15,15,35,80,71,48,99,93,40,51,19,68,87,91,40,32,107,6,3,44,44,24,73,34,80,41,22,47,55,6,10,14,122,54,114,25,122,32,53,48,8,114,24,20,82,9,14,57,119,4,http://a.espncdn.com/i/teamlogos/ncaa/500/2050.png,#DA0000,#ffffff,#N/A,#N/A,#N/A,#N/A,#N/A,#N/A,#N/A,#N/A,#N/A,#N/A,#N/A,#N/A,#N/A,#N/A,#N/A,#N/A,#N/A,#N/A,#N/A,#N/A,#N/A,#N/A,#N/A,#N/A,#N/A,#N/A,#N/A,#N/A,#N/A,#N/A,#N/A,#N/A,#N/A,#N/A,#N/A,#N/A,#N/A,#N/A,#N/A,#N/A,#N/A,#N/A,#N/A,#N/A,#N/A,#N/A,#N/A,#N/A,#N/A,#N/A,#N/A,#N/A,#N/A,#N/A,#N/A,#N/A,#N/A,#N/A,#N/A,#N/A,#N/A,#N/A,#N/A,#N/A,#N/A,#N/A,#N/A,#N/A,#N/A,#N/A,#N/A,#N/A,#N/A,#N/A,#N/A,#N/A,#N/A,#N/A,#N/A,57,22,86,#N/A,#N/A,#N/A
11,Wagner @ Buffalo,401309542,2021,1,regular,2021-09-02T23:00:00.000Z,Buffalo,Mid-American,Wagner,NA,94,91,6,25,17,21,18,3,7,45,29,49,2,14,6,56,53,1,2,36,24,5,18,10,24,19,46,53,5,3,12,31,7,123,13,62,16,49,90,92,27,23,37,19,89,123,119,66,66,47,8,11,29,70,73,72,86,32,77,65,60,35,77,5,8,5,27,44,76,68,61,18,84,7,14,52,http://a.espncdn.com/i/teamlogos/ncaa/500/2084.png,#041A9B,#ebebeb,#N/A,#N/A,#N/A,#N/A,#N/A,#N/A,#N/A,#N/A,#N/A,#N/A,#N/A,#N/A,#N/A,#N/A,#N/A,#N/A,#N/A,#N/A,#N/A,#N/A,#N/A,#N/A,#N/A,#N/A,#N/A,#N/A,#N/A,#N/A,#N/A,#N/A,#N/A,#N/A,#N/A,#N/A,#N/A,#N/A,#N/A,#N/A,#N/A,#N/A,#N/A,#N/A,#N/A,#N/A,#N/A,#N/A,#N/A,#N/A,#N/A,#N/A,#N/A,#N/A,#N/A,#N/A,#N/A,#N/A,#N/A,#N/A,#N/A,#N/A,#N/A,#N/A,#N/A,#N/A,#N/A,#N/A,#N/A,#N/A,#N/A,#N/A,#N/A,#N/A,#N/A,#N/A,#N/A,#N/A,#N/A,#N/A,#N/A,6,29,88,#N/A,#N/A,#N/A
12,The Citadel @ Coastal Carolina,401328545,2021,1,regular,2021-09-02T23:00:00.000Z,Coastal Carolina,Sun Belt,The Citadel,NA,16,29,8,5,11,45,60,35,26,4,39,8,70,24,5,12,14,16,21,30,3,16,24,21,3,4,2,78,9,36,14,25,61,119,4,9,5,22,27,35,46,72,70,40,31,89,92,102,108,116,65,84,37,110,113,35,19,84,59,44,63,63,59,47,22,85,12,89,102,112,75,110,39,10,49,6,http://a.espncdn.com/i/teamlogos/ncaa/500/324.png,#007073,#876447,#N/A,#N/A,#N/A,#N/A,#N/A,#N/A,#N/A,#N/A,#N/A,#N/A,#N/A,#N/A,#N/A,#N/A,#N/A,#N/A,#N/A,#N/A,#N/A,#N/A,#N/A,#N/A,#N/A,#N/A,#N/A,#N/A,#N/A,#N/A,#N/A,#N/A,#N/A,#N/A,#N/A,#N/A,#N/A,#N/A,#N/A,#N/A,#N/A,#N/A,#N/A,#N/A,#N/A,#N/A,#N/A,#N/A,#N/A,#N/A,#N/A,#N/A,#N/A,#N/A,#N/A,#N/A,#N/A,#N/A,#N/A,#N/A,#N/A,#N/A,#N/A,#N/A,#N/A,#N/A,#N/A,#N/A,#N/A,#N/A,#N/A,#N/A,#N/A,#N/A,#N/A,#N/A,#N/A,#N/A,#N/A,#N/A,#N/A,5,38,37,#N/A,#N/A,#N/A
13,South Florida @ NC State,401282607,2021,1,regular,2021-09-02T23:30:00.000Z,NC State,ACC,South Florida,American Athletic,10,3,71,39,62,49,63,83,103,43,75,35,99,65,45,51,54,79,69,76,78,94,82,87,78,43,25,45,86,103,93,72,110,42,48,18,53,25,2,7,50,93,41,91,10,14,40,114,76,122,69,114,77,89,95,39,42,33,30,27,40,44,30,80,106,56,96,79,43,62,40,79,49,66,48,82,http://a.espncdn.com/i/teamlogos/ncaa/500/152.png,#EF1216,#231f20,74,73,109,109,100,77,47,92,67,83,42,68,60,60,125,70,64,125,125,98,96,72,63,41,96,126,118,100,88,69,63,99,55,40,117,114,90,99,72,75,84,78,100,25,97,72,76,79,84,82,62,67,113,17,14,101,98,98,93,75,110,14,93,90,68,53,105,15,81,82,91,47,113,76,111,34,http://a.espncdn.com/i/teamlogos/ncaa/500/58.png,#004A36,#231f20,45,77,46,125,113,99
14,East Carolina @ Appalachian State,401300993,2021,1,regular,2021-09-02T23:30:00.000Z,Appalachian State,Sun Belt,East Carolina,American Athletic,8,20,34,14,23,82,43,25,19,3,17,2,15,3,38,37,37,18,29,18,42,27,19,84,42,51,60,51,10,20,6,24,49,118,55,42,34,81,15,20,13,26,11,79,78,65,62,111,63,106,59,99,36,120,117,11,65,3,12,11,12,39,12,44,3,22,79,55,78,101,38,103,77,3,2,73,http://a.espncdn.com/i/teamlogos/ncaa/500/2026.png,#000000,#ffcd00,73,61,105,92,91,106,95,77,84,80,54,65,55,57,96,86,66,124,115,125,50,69,78,96,50,123,107,96,74,91,90,98,72,54,90,84,76,113,74,58,88,80,77,85,20,95,77,73,91,75,112,109,108,28,27,54,63,35,103,94,79,111,103,65,63,51,46,49,93,91,54,117,79,68,114,25,http://a.espncdn.com/i/teamlogos/ncaa/500/151.png,#4b1869,#f0907b,38,37,36,96,108,93
15,UC Davis @ Tulsa,401300994,2021,1,regular,2021-09-02T23:30:00.000Z,Tulsa,American Athletic,UC Davis,NA,57,56,94,80,80,100,108,55,60,52,77,59,85,70,86,42,42,81,54,100,71,115,88,126,71,42,58,29,69,98,91,83,96,59,71,64,68,88,61,55,5,8,10,2,49,54,37,67,27,55,25,38,14,61,51,31,22,55,26,23,22,12,26,2,18,6,6,63,9,7,10,28,65,12,26,2,http://a.espncdn.com/i/teamlogos/ncaa/500/202.png,#004371,#ee3b33,#N/A,#N/A,#N/A,#N/A,#N/A,#N/A,#N/A,#N/A,#N/A,#N/A,#N/A,#N/A,#N/A,#N/A,#N/A,#N/A,#N/A,#N/A,#N/A,#N/A,#N/A,#N/A,#N/A,#N/A,#N/A,#N/A,#N/A,#N/A,#N/A,#N/A,#N/A,#N/A,#N/A,#N/A,#N/A,#N/A,#N/A,#N/A,#N/A,#N/A,#N/A,#N/A,#N/A,#N/A,#N/A,#N/A,#N/A,#N/A,#N/A,#N/A,#N/A,#N/A,#N/A,#N/A,#N/A,#N/A,#N/A,#N/A,#N/A,#N/A,#N/A,#N/A,#N/A,#N/A,#N/A,#N/A,#N/A,#N/A,#N/A,#N/A,#N/A,#N/A,#N/A,#N/A,#N/A,#N/A,#N/A,#N/A,#N/A,86,14,71,#N/A,#N/A,#N/A
16,Bowling Green @ Tennessee,401281952,2021,1,regular,2021-09-03T00:00:00.000Z,Tennessee,SEC,Bowling Green,Mid-American,56,56,95,82,58,121,61,37,28,36,56,42,116,101,110,111,109,54,47,72,45,75,36,122,45,105,92,73,58,74,56,50,111,70,91,83,64,106,44,62,69,89,109,7,88,36,32,77,36,70,15,32,78,77,78,89,77,97,108,93,106,26,108,36,110,102,4,52,36,43,76,4,75,104,124,20,http://a.espncdn.com/i/teamlogos/ncaa/500/2633.png,#EE9627,#ffffff,117,115,118,119,98,115,17,21,30,101,49,104,52,97,126,72,83,95,52,123,100,73,46,101,100,127,127,90,26,62,79,34,101,101,125,123,126,50,115,116,122,77,102,121,65,107,125,62,127,79,113,79,125,6,6,83,24,125,97,112,78,124,97,124,27,126,82,1,125,118,107,124,127,85,57,122,http://a.espncdn.com/i/teamlogos/ncaa/500/189.png,#2b1000,#492000,110,78,41,126,125,126
17,UT Martin @ Western Kentucky,401282180,2021,1,regular,2021-09-03T00:00:00.000Z,Western Kentucky,Conference USA,UT Martin,NA,31,29,113,103,93,118,51,89,77,47,71,47,101,79,98,101,101,78,81,54,85,112,89,118,85,101,93,103,89,85,68,61,104,39,113,108,107,104,9,27,41,73,34,65,101,92,65,121,49,115,42,102,67,74,64,34,71,7,38,42,31,53,38,40,41,45,58,16,69,98,55,88,112,19,19,69,http://a.espncdn.com/i/teamlogos/ncaa/500/98.png,#F32026,#b3b5b8,#N/A,#N/A,#N/A,#N/A,#N/A,#N/A,#N/A,#N/A,#N/A,#N/A,#N/A,#N/A,#N/A,#N/A,#N/A,#N/A,#N/A,#N/A,#N/A,#N/A,#N/A,#N/A,#N/A,#N/A,#N/A,#N/A,#N/A,#N/A,#N/A,#N/A,#N/A,#N/A,#N/A,#N/A,#N/A,#N/A,#N/A,#N/A,#N/A,#N/A,#N/A,#N/A,#N/A,#N/A,#N/A,#N/A,#N/A,#N/A,#N/A,#N/A,#N/A,#N/A,#N/A,#N/A,#N/A,#N/A,#N/A,#N/A,#N/A,#N/A,#N/A,#N/A,#N/A,#N/A,#N/A,#N/A,#N/A,#N/A,#N/A,#N/A,#N/A,#N/A,#N/A,#N/A,#N/A,#N/A,#N/A,#N/A,#N/A,98,68,107,#N/A,#N/A,#N/A
18,Ohio State @ Minnesota,401282789,2021,1,regular,2021-09-03T00:00:00.000Z,Minnesota,Big Ten,Ohio State,Big Ten,91,96,39,61,37,85,65,29,45,68,64,74,47,54,41,116,115,43,36,79,15,68,80,114,15,12,7,54,16,47,48,49,74,112,50,69,33,62,100,98,117,85,122,47,118,117,100,31,119,52,123,101,58,81,67,122,123,86,117,127,125,94,117,29,52,30,59,59,121,108,120,102,68,86,116,23,http://a.espncdn.com/i/teamlogos/ncaa/500/135.png,#7F011B,#FFCC33,75,76,7,21,6,38,34,19,5,34,6,25,3,11,21,72,61,47,61,34,22,7,4,36,22,22,27,22,29,4,13,19,38,100,16,36,6,41,80,75,73,70,75,64,63,21,8,13,35,15,53,27,68,126,126,30,44,24,32,99,87,103,32,28,105,55,18,127,19,16,26,29,1,98,113,43,http://a.espncdn.com/i/teamlogos/ncaa/500/194.png,#DE3121,#666666,41,59,24,21,36,4
19,Southern Utah @ Arizona State,401309835,2021,1,regular,2021-09-03T02:30:00.000Z,Arizona State,Pac-12,Southern Utah,NA,124,120,17,86,21,14,8,8,31,112,7,97,1,48,65,7,6,40,80,10,56,8,7,17,56,59,95,5,7,6,50,5,20,121,53,98,100,5,118,120,65,25,78,44,76,28,64,7,121,18,72,18,41,118,121,18,51,9,39,69,89,59,39,57,15,63,26,102,106,58,118,77,27,25,23,54,http://a.espncdn.com/i/teamlogos/ncaa/500/9.png,#942139,#FFC627,#N/A,#N/A,#N/A,#N/A,#N/A,#N/A,#N/A,#N/A,#N/A,#N/A,#N/A,#N/A,#N/A,#N/A,#N/A,#N/A,#N/A,#N/A,#N/A,#N/A,#N/A,#N/A,#N/A,#N/A,#N/A,#N/A,#N/A,#N/A,#N/A,#N/A,#N/A,#N/A,#N/A,#N/A,#N/A,#N/A,#N/A,#N/A,#N/A,#N/A,#N/A,#N/A,#N/A,#N/A,#N/A,#N/A,#N/A,#N/A,#N/A,#N/A,#N/A,#N/A,#N/A,#N/A,#N/A,#N/A,#N/A,#N/A,#N/A,#N/A,#N/A,#N/A,#N/A,#N/A,#N/A,#N/A,#N/A,#N/A,#N/A,#N/A,#N/A,#N/A,#N/A,#N/A,#N/A,#N/A,#N/A,#N/A,#N/A,65,42,22,#N/A,#N/A,#N/A
20,North Carolina @ Virginia Tech,401309937,2021,1,regular,2021-09-03T22:00:00.000Z,Virginia Tech,ACC,North Carolina,ACC,39,29,26,22,15,53,81,45,20,10,5,7,10,5,64,40,45,38,66,16,8,10,13,23,8,88,87,38,11,18,10,11,47,117,46,46,41,33,16,32,106,122,105,94,104,91,116,114,116,118,102,116,102,93,100,63,57,63,80,98,101,95,80,106,115,111,77,103,113,123,115,95,24,75,79,77,http://a.espncdn.com/i/teamlogos/ncaa/500/259.png,#630031,#CF4420,5,6,4,2,8,4,40,40,15,6,2,1,4,1,8,63,64,36,51,28,9,3,12,9,9,8,13,8,45,5,1,8,13,83,7,8,11,17,8,7,72,105,52,98,108,101,89,113,56,95,67,95,76,96,108,85,90,60,67,67,46,87,67,77,100,64,99,98,86,102,83,54,30,59,21,113,http://a.espncdn.com/i/teamlogos/ncaa/500/153.png,#99bfe5,#13294b,64,102,33,8,76,11
21,Duke @ Charlotte,401282052,2021,1,regular,2021-09-03T23:00:00.000Z,Charlotte,Conference USA,Duke,ACC,103,104,92,99,97,25,53,66,81,96,91,102,73,96,12,107,105,108,99,109,74,55,87,22,74,117,105,19,54,99,107,109,53,74,64,77,70,26,110,108,96,53,110,52,16,87,97,28,83,29,118,69,91,45,49,117,122,81,116,76,103,34,116,119,43,110,113,34,96,72,106,84,94,79,102,47,http://a.espncdn.com/i/teamlogos/ncaa/500/2429.png,#0C562D,#cfab7a,32,16,101,81,92,44,56,75,113,56,97,54,23,22,112,53,68,120,116,111,82,111,111,74,82,58,44,62,82,76,57,93,30,46,101,79,80,85,39,15,103,120,61,123,109,112,113,120,114,123,117,126,121,41,37,61,39,85,61,92,61,122,61,108,69,80,119,39,120,125,98,119,90,56,16,124,http://a.espncdn.com/i/teamlogos/ncaa/500/150.png,#001A57,#f1f2f3,12,91,117,112,121,107
22,Old Dominion @ Wake Forest,401282608,2021,1,regular,2021-09-03T23:00:00.000Z,Wake Forest,ACC,Old Dominion,Conference USA,46,53,44,34,75,28,32,68,88,51,88,57,89,68,19,63,71,64,57,58,89,62,67,56,89,40,70,21,63,92,81,89,90,65,26,20,57,16,55,50,71,82,92,35,107,23,26,71,99,102,81,88,106,61,72,48,32,75,89,108,105,78,89,14,70,52,11,53,85,89,93,94,74,60,95,11,http://a.espncdn.com/i/teamlogos/ncaa/500/154.png,#9E7E38,#000000,#N/A,#N/A,#N/A,#N/A,#N/A,#N/A,#N/A,#N/A,#N/A,#N/A,#N/A,#N/A,#N/A,#N/A,#N/A,#N/A,#N/A,#N/A,#N/A,#N/A,#N/A,#N/A,#N/A,#N/A,#N/A,#N/A,#N/A,#N/A,#N/A,#N/A,#N/A,#N/A,#N/A,#N/A,#N/A,#N/A,#N/A,#N/A,#N/A,#N/A,#N/A,#N/A,#N/A,#N/A,#N/A,#N/A,#N/A,#N/A,#N/A,#N/A,#N/A,#N/A,#N/A,#N/A,#N/A,#N/A,#N/A,#N/A,#N/A,#N/A,#N/A,#N/A,#N/A,#N/A,#N/A,#N/A,#N/A,#N/A,#N/A,#N/A,#N/A,#N/A,#N/A,#N/A,#N/A,#N/A,#N/A,#N/A,#N/A,19,106,74,#N/A,#N/A,128
23,St Francis (PA) @ Eastern Michigan,401309541,2021,1,regular,2021-09-03T23:00:00.000Z,Eastern Michigan,Mid-American,St Francis (PA),NA,104,106,37,71,27,66,83,107,114,113,113,112,92,107,3,7,8,94,97,80,51,40,32,44,51,34,17,98,87,73,82,65,56,41,33,56,13,89,94,105,112,84,127,3,116,125,123,74,105,65,37,31,98,14,21,120,113,121,126,121,127,15,126,41,58,10,73,12,112,104,127,17,116,103,117,18,http://a.espncdn.com/i/teamlogos/ncaa/500/2199.png,#00331b,#f0f0f0,#N/A,#N/A,#N/A,#N/A,#N/A,#N/A,#N/A,#N/A,#N/A,#N/A,#N/A,#N/A,#N/A,#N/A,#N/A,#N/A,#N/A,#N/A,#N/A,#N/A,#N/A,#N/A,#N/A,#N/A,#N/A,#N/A,#N/A,#N/A,#N/A,#N/A,#N/A,#N/A,#N/A,#N/A,#N/A,#N/A,#N/A,#N/A,#N/A,#N/A,#N/A,#N/A,#N/A,#N/A,#N/A,#N/A,#N/A,#N/A,#N/A,#N/A,#N/A,#N/A,#N/A,#N/A,#N/A,#N/A,#N/A,#N/A,#N/A,#N/A,#N/A,#N/A,#N/A,#N/A,#N/A,#N/A,#N/A,#N/A,#N/A,#N/A,#N/A,#N/A,#N/A,#N/A,#N/A,#N/A,#N/A,#N/A,#N/A,3,98,99,#N/A,#N/A,#N/A
24,South Dakota @ Kansas,401287888,2021,1,regular,2021-09-04T00:00:00.000Z,Kansas,Big 12,South Dakota,NA,62,39,126,127,126,111,126,127,121,86,114,87,107,90,117,119,120,126,127,87,126,125,125,119,126,121,123,104,80,119,119,124,16,49,123,125,120,124,69,50,109,109,88,82,47,97,94,93,109,110,114,125,96,2,2,94,106,56,109,117,95,101,109,62,77,69,76,14,116,121,80,111,114,77,100,51,http://a.espncdn.com/i/teamlogos/ncaa/500/2305.png,#0022B4,#e8000d,#N/A,#N/A,#N/A,#N/A,#N/A,#N/A,#N/A,#N/A,#N/A,#N/A,#N/A,#N/A,#N/A,#N/A,#N/A,#N/A,#N/A,#N/A,#N/A,#N/A,#N/A,#N/A,#N/A,#N/A,#N/A,#N/A,#N/A,#N/A,#N/A,#N/A,#N/A,#N/A,#N/A,#N/A,#N/A,#N/A,#N/A,#N/A,#N/A,#N/A,#N/A,#N/A,#N/A,#N/A,#N/A,#N/A,#N/A,#N/A,#N/A,#N/A,#N/A,#N/A,#N/A,#N/A,#N/A,#N/A,#N/A,#N/A,#N/A,#N/A,#N/A,#N/A,#N/A,#N/A,#N/A,#N/A,#N/A,#N/A,#N/A,#N/A,#N/A,#N/A,#N/A,#N/A,#N/A,#N/A,#N/A,#N/A,#N/A,117,96,119,#N/A,#N/A,#N/A
25,Michigan State @ Northwestern,401282782,2021,1,regular,2021-09-04T01:00:00.000Z,Northwestern,Big Ten,Michigan State,Big Ten,53,70,87,74,96,65,112,96,116,55,112,64,95,67,37,38,38,49,65,27,54,105,115,86,54,48,51,60,37,114,113,117,70,91,45,38,40,61,66,60,3,5,19,36,29,31,80,57,106,71,57,46,2,68,70,17,67,4,31,7,28,24,31,13,1,13,65,119,57,57,70,63,9,1,4,31,http://a.espncdn.com/i/teamlogos/ncaa/500/77.png,#372286,#d6cac1,91,79,123,123,123,71,98,112,123,111,127,119,121,122,122,122,118,116,108,113,118,118,123,6,118,125,111,126,97,125,127,126,95,30,87,81,96,60,85,79,33,28,35,49,37,17,18,29,8,19,64,46,66,13,11,84,82,67,45,13,18,30,45,84,55,98,40,77,21,19,25,67,51,65,53,50,http://a.espncdn.com/i/teamlogos/ncaa/500/127.png,#18453B,#ffffff,37,2,76,122,67,51
26,Northern Colorado @ Colorado,401309836,2021,1,regular,2021-09-04T01:00:00.000Z,Colorado,Pac-12,Northern Colorado,NA,97,90,97,98,101,79,98,106,106,93,111,94,32,49,100,95,88,42,44,59,99,102,106,111,99,69,72,57,18,88,89,86,63,110,77,91,106,53,103,93,35,22,9,126,11,9,20,9,92,20,127,100,30,55,50,4,9,11,7,6,3,112,7,83,28,69,122,121,44,32,9,126,7,27,15,98,http://a.espncdn.com/i/teamlogos/ncaa/500/38.png,#d1c57e,#ffd200,#N/A,#N/A,#N/A,#N/A,#N/A,#N/A,#N/A,#N/A,#N/A,#N/A,#N/A,#N/A,#N/A,#N/A,#N/A,#N/A,#N/A,#N/A,#N/A,#N/A,#N/A,#N/A,#N/A,#N/A,#N/A,#N/A,#N/A,#N/A,#N/A,#N/A,#N/A,#N/A,#N/A,#N/A,#N/A,#N/A,#N/A,#N/A,#N/A,#N/A,#N/A,#N/A,#N/A,#N/A,#N/A,#N/A,#N/A,#N/A,#N/A,#N/A,#N/A,#N/A,#N/A,#N/A,#N/A,#N/A,#N/A,#N/A,#N/A,#N/A,#N/A,#N/A,#N/A,#N/A,#N/A,#N/A,#N/A,#N/A,#N/A,#N/A,#N/A,#N/A,#N/A,#N/A,#N/A,#N/A,#N/A,#N/A,#N/A,100,30,69,#N/A,#N/A,#N/A
27,South Dakota State @ Colorado State,401310695,2021,1,regular,2021-09-04T01:00:00.000Z,Colorado State,Mountain West,South Dakota State,NA,121,117,122,122,122,16,121,126,125,124,115,124,82,115,92,23,27,115,120,61,122,121,121,32,122,122,120,28,52,123,121,123,81,75,104,111,114,8,119,119,39,14,16,87,14,2,2,3,2,2,10,3,95,34,39,27,3,127,4,24,14,56,4,50,34,36,44,41,4,5,6,44,86,92,58,87,http://a.espncdn.com/i/teamlogos/ncaa/500/36.png,#004537,#ffc425,#N/A,#N/A,#N/A,#N/A,#N/A,#N/A,#N/A,#N/A,#N/A,#N/A,#N/A,#N/A,#N/A,#N/A,#N/A,#N/A,#N/A,#N/A,#N/A,#N/A,#N/A,#N/A,#N/A,#N/A,#N/A,#N/A,#N/A,#N/A,#N/A,#N/A,#N/A,#N/A,#N/A,#N/A,#N/A,#N/A,#N/A,#N/A,#N/A,#N/A,#N/A,#N/A,#N/A,#N/A,#N/A,#N/A,#N/A,#N/A,#N/A,#N/A,#N/A,#N/A,#N/A,#N/A,#N/A,#N/A,#N/A,#N/A,#N/A,#N/A,#N/A,#N/A,#N/A,#N/A,#N/A,#N/A,#N/A,#N/A,#N/A,#N/A,#N/A,#N/A,#N/A,#N/A,#N/A,#N/A,#N/A,#N/A,#N/A,92,95,94,#N/A,#N/A,#N/A
28,Louisiana Monroe @ Kentucky,401281947,2021,1,regular,2021-09-04T16:00:00.000Z,Kentucky,SEC,Louisiana Monroe,Sun Belt,51,47,91,75,57,127,39,14,42,18,65,28,28,19,87,101,94,21,26,33,18,58,25,123,18,112,122,91,12,35,23,21,88,116,118,117,111,123,29,45,48,75,103,4,22,84,84,105,47,88,19,45,54,70,74,104,108,89,111,29,92,1,111,103,73,113,86,67,55,73,95,16,61,46,108,7,http://a.espncdn.com/i/teamlogos/ncaa/500/96.png,#005DAA,#ffffff,66,49,119,116,115,119,124,93,118,106,116,107,104,108,105,115,116,106,74,124,119,117,109,108,119,119,104,120,125,122,123,115,107,3,108,89,103,119,48,67,119,124,117,103,68,114,111,125,89,125,87,121,104,14,12,115,92,124,81,116,112,84,81,122,112,118,114,2,115,124,112,101,126,127,96,123,http://a.espncdn.com/i/teamlogos/ncaa/500/2433.png,#231F20,#b18445,87,55,58,#N/A,#N/A,#N/A
29,Colgate @ Boston College,401282609,2021,1,regular,2021-09-04T16:00:00.000Z,Boston College,ACC,Colgate,NA,48,66,45,35,51,51,26,59,104,84,108,88,114,105,60,61,72,80,75,69,64,64,53,89,64,35,55,24,111,100,102,65,121,16,34,15,42,36,49,58,99,110,106,68,89,68,93,90,118,113,110,117,70,63,59,71,74,50,99,103,107,72,99,82,113,95,89,69,83,86,108,46,59,108,89,88,http://a.espncdn.com/i/teamlogos/ncaa/500/103.png,#88001a,#a39161,#N/A,#N/A,#N/A,#N/A,#N/A,#N/A,#N/A,#N/A,#N/A,#N/A,#N/A,#N/A,#N/A,#N/A,#N/A,#N/A,#N/A,#N/A,#N/A,#N/A,#N/A,#N/A,#N/A,#N/A,#N/A,#N/A,#N/A,#N/A,#N/A,#N/A,#N/A,#N/A,#N/A,#N/A,#N/A,#N/A,#N/A,#N/A,#N/A,#N/A,#N/A,#N/A,#N/A,#N/A,#N/A,#N/A,#N/A,#N/A,#N/A,#N/A,#N/A,#N/A,#N/A,#N/A,#N/A,#N/A,#N/A,#N/A,#N/A,#N/A,#N/A,#N/A,#N/A,#N/A,#N/A,#N/A,#N/A,#N/A,#N/A,#N/A,#N/A,#N/A,#N/A,#N/A,#N/A,#N/A,#N/A,#N/A,#N/A,60,70,60,#N/A,#N/A,#N/A
30,Western Michigan @ Michigan,401282772,2021,1,regular,2021-09-04T16:00:00.000Z,Michigan,Big Ten,Western Michigan,Mid-American,109,103,42,79,69,15,113,99,83,117,43,106,36,93,25,113,113,48,13,120,103,63,69,27,103,38,52,37,117,83,98,63,57,11,44,61,67,30,93,98,87,64,62,71,127,116,75,39,16,24,28,25,110,66,77,126,127,99,72,80,52,62,72,85,78,86,66,46,56,54,59,22,81,106,67,105,http://a.espncdn.com/i/teamlogos/ncaa/500/130.png,#00274c,#ffcb05,108,106,5,36,5,43,110,17,3,81,12,73,84,99,24,12,13,44,33,84,4,12,6,53,4,3,19,2,20,40,55,4,112,108,2,31,14,3,99,102,90,57,53,93,112,19,25,18,15,10,84,35,118,45,48,33,8,109,62,95,69,102,62,59,62,26,84,87,68,48,52,90,41,89,67,70,http://a.espncdn.com/i/teamlogos/ncaa/500/2711.png,#B59966,#bfa979,25,110,17,24,118,72
31,Penn State @ Wisconsin,401282815,2021,1,regular,2021-09-04T16:00:00.000Z,Wisconsin,Big Ten,Penn State,Big Ten,89,83,104,101,49,120,29,72,58,76,70,79,90,87,77,33,31,65,60,53,25,85,51,97,25,110,64,122,33,79,73,27,117,94,99,103,87,67,102,89,4,3,6,41,29,6,3,6,1,4,50,23,6,96,86,41,68,19,1,18,21,40,1,4,37,4,28,113,1,1,5,1,15,49,28,72,http://a.espncdn.com/i/teamlogos/ncaa/500/275.png,#A00001,#f7f7f7,43,61,52,42,40,101,86,32,39,31,80,45,103,74,76,81,80,29,37,42,38,60,77,91,38,55,12,115,56,78,60,60,108,72,52,34,36,74,71,55,28,30,29,70,74,48,19,42,23,43,44,49,51,34,36,57,37,79,25,41,54,47,25,20,44,7,106,71,28,30,35,64,57,40,30,71,http://a.espncdn.com/i/teamlogos/ncaa/500/213.png,#00265D,#002e5c,77,6,6,76,52,10
32,Holy Cross @ Connecticut,401286188,2021,1,regular,2021-09-04T16:00:00.000Z,Connecticut,American Athletic,Holy Cross,NA,#N/A,#N/A,#N/A,#N/A,#N/A,#N/A,#N/A,#N/A,#N/A,#N/A,#N/A,#N/A,#N/A,#N/A,#N/A,#N/A,#N/A,#N/A,#N/A,#N/A,#N/A,#N/A,#N/A,#N/A,#N/A,#N/A,#N/A,#N/A,#N/A,#N/A,#N/A,#N/A,#N/A,#N/A,#N/A,#N/A,#N/A,#N/A,#N/A,#N/A,#N/A,#N/A,#N/A,#N/A,#N/A,#N/A,#N/A,#N/A,#N/A,#N/A,#N/A,#N/A,#N/A,#N/A,#N/A,#N/A,#N/A,#N/A,#N/A,#N/A,#N/A,#N/A,#N/A,#N/A,#N/A,#N/A,#N/A,#N/A,#N/A,#N/A,#N/A,#N/A,#N/A,#N/A,#N/A,#N/A,#N/A,#N/A,#N/A,#N/A,#N/A,#N/A,#N/A,#N/A,#N/A,#N/A,#N/A,#N/A,#N/A,#N/A,#N/A,#N/A,#N/A,#N/A,#N/A,#N/A,#N/A,#N/A,#N/A,#N/A,#N/A,#N/A,#N/A,#N/A,#N/A,#N/A,#N/A,#N/A,#N/A,#N/A,#N/A,#N/A,#N/A,#N/A,#N/A,#N/A,#N/A,#N/A,#N/A,#N/A,#N/A,#N/A,#N/A,#N/A,#N/A,#N/A,#N/A,#N/A,#N/A,#N/A,#N/A,#N/A,#N/A,#N/A,#N/A,#N/A,#N/A,#N/A,#N/A,#N/A,#N/A,#N/A,#N/A,#N/A,#N/A,#N/A,#N/A,#N/A,#N/A,#N/A,#N/A,#N/A,#N/A,#N/A,#N/A,#N/A,#N/A,#N/A,#N/A,#N/A,#N/A,#N/A,#N/A,#N/A
33,Stanford @ Kansas State,401287889,2021,1,regular,2021-09-04T16:00:00.000Z,Kansas State,Big 12,Stanford,Pac-12,71,42,85,78,111,18,78,111,102,63,87,61,40,34,62,36,33,90,79,91,87,91,112,19,87,74,100,31,32,87,78,103,32,96,65,71,104,20,38,41,93,108,65,84,103,43,59,81,71,84,107,115,84,24,30,64,69,43,57,87,64,82,57,78,104,69,67,100,87,92,41,118,28,74,93,21,http://a.espncdn.com/i/teamlogos/ncaa/500/2306.png,#633194,#e7d2ad,106,111,21,58,14,84,10,22,32,100,100,111,115,120,93,81,93,12,9,48,16,54,27,116,16,5,3,32,108,41,65,36,84,20,35,52,8,98,108,115,120,88,121,86,55,96,121,48,123,67,93,55,88,110,115,113,96,120,115,110,108,83,115,127,66,127,91,10,118,99,125,71,118,120,85,114,http://a.espncdn.com/i/teamlogos/ncaa/500/24.png,#A80532,#ffffff,62,84,61,93,88,64
34,Oklahoma @ Tulane,401287894,2021,1,regular,2021-09-04T16:00:00.000Z,Tulane,American Athletic,Oklahoma,Big 12,11,2,60,29,46,72,38,56,13,5,9,4,31,12,20,21,15,76,92,41,77,50,37,59,77,71,63,81,23,11,5,28,24,105,107,92,81,96,4,2,54,92,26,106,45,32,16,101,7,80,29,75,46,83,79,23,14,68,18,33,27,70,18,69,124,31,121,57,16,25,28,25,70,93,33,125,http://a.espncdn.com/i/teamlogos/ncaa/500/2655.png,#005837,#3baf29,25,10,11,9,9,52,25,84,52,26,30,18,68,37,7,27,20,86,90,50,14,13,9,66,14,18,26,14,68,54,40,20,100,60,6,7,7,38,35,7,19,33,14,74,37,12,9,33,46,53,78,66,32,93,103,9,30,5,13,57,43,104,13,3,23,2,33,125,54,59,19,113,3,8,17,14,http://a.espncdn.com/i/teamlogos/ncaa/500/201.png,#7b0000,#cccccc,20,47,54,7,32,2
35,Army @ Georgia State,401309601,2021,1,regular,2021-09-04T16:00:00.000Z,Georgia State,Sun Belt,Army,FBS Independents,35,20,62,43,83,30,104,94,89,24,105,44,75,39,9,7,10,82,69,83,61,82,98,29,61,44,38,66,25,65,41,88,28,102,61,58,63,40,37,16,44,68,51,88,6,26,46,70,52,65,95,95,45,56,57,13,28,16,56,34,33,92,56,64,91,101,39,118,39,40,47,48,10,52,55,76,http://a.espncdn.com/i/teamlogos/ncaa/500/2247.png,#1e539a,#ebebeb,20,47,57,33,64,113,6,8,48,1,106,6,78,13,22,26,18,6,39,2,12,30,52,99,12,95,99,84,1,39,3,58,48,127,95,112,116,21,57,38,7,12,23,29,7,13,12,59,20,56,61,69,11,98,98,15,20,31,19,9,37,20,19,21,42,15,51,61,2,2,8,56,71,26,71,22,http://a.espncdn.com/i/teamlogos/ncaa/500/349.png,#ce9c00,#231f20,9,46,79,22,11,86
36,Fordham @ Nebraska,401327913,2021,1,regular,2021-09-04T16:00:00.000Z,Nebraska,Big Ten,Fordham,NA,78,85,59,66,22,125,16,77,50,57,18,37,51,46,91,125,125,88,104,37,21,34,10,120,21,85,112,49,36,23,34,14,83,92,89,86,46,122,76,82,66,66,58,77,9,27,45,64,44,56,56,59,72,26,23,62,40,87,84,72,44,79,84,66,65,88,60,31,59,66,48,86,96,73,77,62,http://a.espncdn.com/i/teamlogos/ncaa/500/158.png,#F20017,#f5f1e7,#N/A,#N/A,#N/A,#N/A,#N/A,#N/A,#N/A,#N/A,#N/A,#N/A,#N/A,#N/A,#N/A,#N/A,#N/A,#N/A,#N/A,#N/A,#N/A,#N/A,#N/A,#N/A,#N/A,#N/A,#N/A,#N/A,#N/A,#N/A,#N/A,#N/A,#N/A,#N/A,#N/A,#N/A,#N/A,#N/A,#N/A,#N/A,#N/A,#N/A,#N/A,#N/A,#N/A,#N/A,#N/A,#N/A,#N/A,#N/A,#N/A,#N/A,#N/A,#N/A,#N/A,#N/A,#N/A,#N/A,#N/A,#N/A,#N/A,#N/A,#N/A,#N/A,#N/A,#N/A,#N/A,#N/A,#N/A,#N/A,#N/A,#N/A,#N/A,#N/A,#N/A,#N/A,#N/A,#N/A,#N/A,#N/A,#N/A,91,72,32,#N/A,#N/A,#N/A
37,Rice @ Arkansas,401281943,2021,1,regular,2021-09-04T18:00:00.000Z,Arkansas,SEC,Rice,Conference USA,51,38,43,37,38,102,67,44,40,35,76,50,96,72,48,126,126,66,89,22,30,24,28,75,30,82,86,95,53,77,61,59,118,77,37,28,30,42,13,36,56,90,101,12,105,94,98,119,62,101,35,65,69,52,60,99,115,48,110,39,83,8,110,98,85,120,35,78,74,87,96,32,50,48,101,8,http://a.espncdn.com/i/teamlogos/ncaa/500/8.png,#9c1831,#000000,114,119,88,106,81,99,15,33,76,103,126,122,127,125,84,20,21,84,105,24,19,57,59,94,19,109,108,34,24,121,122,104,127,104,19,70,32,15,120,118,16,10,44,18,4,62,68,11,38,8,24,9,5,98,90,91,104,51,58,26,32,16,58,23,10,81,13,37,29,22,34,33,89,17,63,19,http://a.espncdn.com/i/teamlogos/ncaa/500/242.png,#003D7D,#d1d5d8,48,69,47,84,5,113
38,Fresno State @ Oregon,401309838,2021,1,regular,2021-09-04T18:00:00.000Z,Oregon,Pac-12,Fresno State,Mountain West,102,99,10,41,10,42,47,38,14,90,26,86,27,65,16,89,89,89,98,56,7,9,8,38,7,23,49,10,59,25,52,10,71,69,10,39,15,29,81,93,64,61,83,23,35,50,47,41,19,31,39,36,62,12,15,106,118,46,104,90,91,37,104,24,49,33,32,70,67,64,78,43,58,63,80,15,http://a.espncdn.com/i/teamlogos/ncaa/500/2483.png,#044520,#fee123,93,96,38,63,39,33,70,104,92,108,98,109,53,89,49,66,60,41,76,14,72,81,47,72,72,10,24,23,119,56,69,73,43,9,54,54,24,75,100,100,85,52,17,122,119,81,73,27,90,36,119,81,65,50,53,36,16,91,17,56,11,120,17,96,20,41,100,56,117,90,57,125,72,23,3,85,http://a.espncdn.com/i/teamlogos/ncaa/500/278.png,#c41230,#231f20,16,63,15,49,66,82
39,Alabama @ Miami,401281942,2021,1,regular,2021-09-04T19:30:00.000Z,Miami,ACC,Alabama,SEC,18,16,32,20,74,5,29,90,85,40,61,33,41,26,17,95,91,112,102,116,108,36,81,15,108,37,53,33,85,63,43,91,41,43,36,11,60,18,14,16,67,98,72,69,81,24,41,88,111,120,108,123,75,83,93,16,12,61,42,85,96,75,42,45,88,21,83,92,88,105,90,76,36,45,44,60,http://a.espncdn.com/i/teamlogos/ncaa/500/2390.png,#004325,#f0f0f0,1,7,2,1,1,47,19,10,10,7,28,10,72,31,1,44,46,5,7,9,2,2,1,52,2,2,1,11,71,17,9,3,93,56,1,1,1,37,3,3,14,38,24,55,55,82,39,92,21,78,16,42,17,110,117,20,46,13,44,12,10,46,44,46,33,69,30,115,38,52,27,61,12,11,31,41,http://a.espncdn.com/i/teamlogos/ncaa/500/333.png,#690014,#828A8F,17,75,8,2,15,1
40,Marshall @ Navy,401282174,2021,1,regular,2021-09-04T19:30:00.000Z,Navy,American Athletic,Marshall,Conference USA,70,61,107,97,117,46,56,48,93,19,122,54,97,52,68,107,110,39,96,3,102,108,113,78,102,90,117,16,4,95,70,111,46,124,82,100,119,1,60,67,95,97,80,72,117,93,78,112,74,108,97,119,89,6,4,109,103,101,76,86,81,42,76,91,82,69,108,4,89,109,67,107,124,97,88,64,http://a.espncdn.com/i/teamlogos/ncaa/500/2426.png,#131630,#b6a77c,53,61,64,51,35,96,4,6,4,16,57,33,105,77,46,45,41,8,3,60,26,38,37,67,26,84,48,107,30,42,30,30,91,98,83,74,56,59,64,55,8,16,20,14,53,108,33,56,3,20,2,8,4,102,106,78,78,66,27,19,29,4,27,18,35,14,54,83,8,6,13,3,45,21,40,29,http://a.espncdn.com/i/teamlogos/ncaa/500/276.png,#186329,#be854c,68,89,112,46,4,80
41,Indiana @ Iowa,401282723,2021,1,regular,2021-09-04T19:30:00.000Z,Iowa,Big Ten,Indiana,Big Ten,81,74,68,73,41,116,7,63,74,79,59,70,62,58,36,14,11,20,38,19,57,35,21,107,57,98,101,83,57,52,51,32,69,71,78,75,62,117,73,74,6,6,30,1,23,52,30,37,4,15,1,2,32,107,106,51,56,44,63,10,17,7,63,17,16,69,2,96,12,12,31,2,34,13,35,5,http://a.espncdn.com/i/teamlogos/ncaa/500/2294.png,#000000,#ffe100,77,75,99,90,104,103,37,57,120,94,125,108,120,118,44,76,67,22,15,65,106,104,114,100,106,77,66,113,95,115,114,102,119,32,69,67,93,77,78,77,36,34,47,51,34,121,108,49,78,45,58,37,9,108,105,24,83,2,47,38,47,52,47,38,30,54,34,117,58,50,42,59,13,20,52,45,http://a.espncdn.com/i/teamlogos/ncaa/500/84.png,#7D110C,#eeedeb,36,32,16,44,9,28
42,West Virginia @ Maryland,401282764,2021,1,regular,2021-09-04T19:30:00.000Z,Maryland,Big Ten,West Virginia,Big 12,118,111,81,104,99,3,122,60,90,120,37,116,7,83,123,95,95,98,88,107,88,77,86,7,88,70,103,6,109,75,94,112,3,19,72,88,77,34,106,112,79,46,46,90,89,105,102,32,98,43,86,43,114,110,102,69,72,45,73,70,24,98,73,92,24,107,36,29,105,78,73,104,97,42,12,81,http://a.espncdn.com/i/teamlogos/ncaa/500/120.png,#D5002B,#ffcd00,29,45,86,65,84,62,85,74,111,67,102,71,59,41,104,59,48,99,94,92,109,107,96,93,109,56,41,76,106,101,99,105,58,22,63,37,54,95,68,48,9,15,12,16,25,18,11,60,11,49,34,53,18,100,94,28,36,27,36,4,9,6,36,49,17,23,38,27,26,29,23,40,101,14,10,16,http://a.espncdn.com/i/teamlogos/ncaa/500/277.png,#002855,#EAAA00,123,114,38,104,18,42
43,Northern Iowa @ Iowa State,401287887,2021,1,regular,2021-09-04T19:30:00.000Z,Iowa State,Big 12,Northern Iowa,NA,12,12,28,11,16,92,53,62,43,14,58,15,30,15,10,31,39,19,14,57,13,18,14,61,13,60,71,89,51,48,25,23,77,76,32,13,20,97,30,20,23,43,27,97,68,16,28,72,26,63,9,22,13,74,68,40,29,57,22,21,25,60,22,51,90,35,101,109,10,10,20,31,19,51,38,99,http://a.espncdn.com/i/teamlogos/ncaa/500/66.png,#660015,#F1BE48,#N/A,#N/A,#N/A,#N/A,#N/A,#N/A,#N/A,#N/A,#N/A,#N/A,#N/A,#N/A,#N/A,#N/A,#N/A,#N/A,#N/A,#N/A,#N/A,#N/A,#N/A,#N/A,#N/A,#N/A,#N/A,#N/A,#N/A,#N/A,#N/A,#N/A,#N/A,#N/A,#N/A,#N/A,#N/A,#N/A,#N/A,#N/A,#N/A,#N/A,#N/A,#N/A,#N/A,#N/A,#N/A,#N/A,#N/A,#N/A,#N/A,#N/A,#N/A,#N/A,#N/A,#N/A,#N/A,#N/A,#N/A,#N/A,#N/A,#N/A,#N/A,#N/A,#N/A,#N/A,#N/A,#N/A,#N/A,#N/A,#N/A,#N/A,#N/A,#N/A,#N/A,#N/A,#N/A,#N/A,#N/A,#N/A,#N/A,10,13,7,#N/A,#N/A,#N/A
44,Miami (OH) @ Cincinnati,401300996,2021,1,regular,2021-09-04T19:30:00.000Z,Cincinnati,American Athletic,Miami (OH),Mid-American,55,45,15,16,31,7,111,52,44,39,21,25,5,10,32,3,3,52,72,25,33,15,41,1,33,30,14,79,48,19,20,67,4,79,21,25,12,56,40,43,2,2,5,37,83,64,31,63,13,45,13,27,1,41,47,14,33,10,21,3,6,22,21,9,2,11,53,107,31,35,32,39,21,2,1,46,http://a.espncdn.com/i/teamlogos/ncaa/500/2132.png,#000000,#717073,127,127,50,117,121,1,19,103,86,127,79,127,109,127,81,70,70,127,126,127,127,65,118,2,127,62,121,1,64,111,115,125,15,64,17,104,95,2,127,127,47,4,18,120,8,40,42,1,10,1,12,1,127,127,127,1,2,1,15,5,1,117,15,118,11,123,41,65,5,9,4,57,62,101,94,117,http://a.espncdn.com/i/teamlogos/ncaa/500/193.png,#a4000c,#f0f0f0,32,1,19,#N/A,#N/A,#N/A
45,Louisiana Tech @ Mississippi State,401281949,2021,1,regular,2021-09-04T20:00:00.000Z,Mississippi State,SEC,Louisiana Tech,Conference USA,28,24,116,111,77,126,61,13,56,115,78,113,122,124,115,103,98,109,24,126,55,122,65,127,55,87,85,59,127,81,96,37,114,1,114,102,78,125,22,23,32,56,55,22,23,69,54,86,58,82,20,39,34,38,35,74,91,30,83,25,51,13,83,67,75,67,62,105,35,42,60,11,23,35,51,40,http://a.espncdn.com/i/teamlogos/ncaa/500/344.png,#762123,#FFFFFF,44,42,110,95,95,110,44,87,95,71,107,82,126,117,27,11,12,91,87,88,63,110,99,117,63,86,83,85,104,84,75,95,82,24,110,95,88,114,43,45,92,99,85,54,57,79,74,103,51,89,105,122,86,17,16,114,110,111,92,100,85,100,92,52,81,89,10,26,98,113,92,89,102,67,75,49,http://a.espncdn.com/i/teamlogos/ncaa/500/2348.png,#002d65,#d3313a,115,34,44,27,86,115
46,Central Michigan @ Missouri,401281950,2021,1,regular,2021-09-04T20:00:00.000Z,Missouri,SEC,Central Michigan,Mid-American,45,56,58,46,44,78,84,70,99,64,103,76,94,78,69,111,111,28,55,11,43,76,55,83,43,47,39,72,92,102,100,77,103,35,42,23,28,70,52,60,102,116,91,83,94,77,99,91,93,95,41,58,126,80,87,80,94,38,85,105,93,96,85,94,109,92,63,74,94,103,116,34,53,102,41,116,http://a.espncdn.com/i/teamlogos/ncaa/500/142.png,#000000,#F1B82D,100,93,73,87,78,50,102,12,70,92,92,92,16,45,103,23,24,50,73,20,29,44,45,43,29,97,119,7,28,50,58,56,25,99,86,93,97,71,98,95,57,39,48,115,12,29,21,21,42,22,23,20,40,49,42,53,34,77,35,2,13,23,35,126,71,125,124,64,20,17,43,35,64,107,56,126,http://a.espncdn.com/i/teamlogos/ncaa/500/2117.png,#6a0032,#ffffff,69,126,59,103,41,90
47,UMass @ Pittsburgh,401282612,2021,1,regular,2021-09-04T20:00:00.000Z,Pittsburgh,ACC,UMass,FBS Independents,14,9,96,70,88,91,86,123,122,69,94,51,102,75,80,45,47,105,100,102,107,97,85,79,107,81,75,112,102,108,104,87,98,26,66,35,82,84,28,10,21,40,8,108,49,5,4,47,14,50,21,33,31,68,76,3,4,25,8,16,7,99,8,48,74,28,78,116,18,23,14,60,11,34,11,107,http://a.espncdn.com/i/teamlogos/ncaa/500/221.png,#003263,#231f20,125,124,127,126,127,88,127,114,124,126,124,126,125,126,127,124,122,117,121,68,124,127,127,92,124,116,125,109,75,127,124,127,50,52,121,121,124,111,121,123,123,59,119,118,81,34,114,17,126,32,125,71,73,9,10,56,21,102,71,118,118,119,71,112,29,117,111,13,126,88,121,121,115,87,92,110,http://a.espncdn.com/i/teamlogos/ncaa/500/113.png,#880007,,80,31,40,127,73,129
48,Louisiana @ Texas,401287892,2021,1,regular,2021-09-04T20:30:00.000Z,Texas,Big 12,Louisiana,Sun Belt,42,14,31,24,61,9,97,54,33,37,27,31,12,18,13,33,40,56,32,101,58,45,68,31,58,25,50,9,84,49,42,43,37,44,43,26,75,19,26,13,38,60,67,15,59,15,15,68,17,62,33,54,43,29,34,22,43,18,70,48,70,17,70,27,96,50,21,104,25,28,33,23,25,61,98,13,http://a.espncdn.com/i/teamlogos/ncaa/500/251.png,#EE7524,#f0f0f0,36,36,29,23,25,76,93,16,8,13,16,11,25,17,53,27,25,15,11,55,47,26,26,82,47,49,28,68,27,14,11,17,59,103,56,43,55,45,18,32,30,55,64,9,114,124,117,126,60,114,7,29,79,93,91,95,119,26,102,59,74,36,102,7,6,20,3,17,90,116,100,27,111,5,13,17,http://a.espncdn.com/i/teamlogos/ncaa/500/309.png,#ce2842,,13,44,20,53,79,30
49,San José State @ USC,401309842,2021,1,regular,2021-09-04T21:00:00.000Z,USC,Pac-12,San José State,Mountain West,98,99,69,85,42,75,119,116,126,119,117,121,91,111,40,5,7,87,58,108,66,67,50,71,66,63,35,93,122,126,125,84,126,5,28,32,26,57,107,107,55,31,59,57,19,37,72,22,103,33,73,30,74,125,124,58,58,52,60,43,66,89,60,70,36,40,24,82,52,38,53,93,46,58,74,37,http://a.espncdn.com/i/teamlogos/ncaa/500/30.png,#AE2531,#ffc72c,85,80,53,68,59,35,125,122,119,104,85,96,58,81,109,1,1,23,16,77,28,87,74,49,28,24,36,30,110,118,118,107,80,17,30,30,21,58,78,80,51,48,39,92,21,83,50,38,25,30,14,21,3,1,1,77,45,112,40,62,36,105,40,37,45,59,31,97,53,53,39,83,31,47,39,65,NA,NA,NA,40,74,14,#N/A,#N/A,#N/A
50,Campbell @ Liberty,401286294,2021,1,regular,2021-09-04T22:00:00.000Z,Liberty,FBS Independents,Campbell,NA,22,42,13,8,13,36,53,51,18,8,4,5,9,4,58,35,32,62,71,39,20,20,16,48,20,9,16,17,21,9,4,7,36,107,24,21,29,27,54,36,53,65,45,62,53,85,96,85,104,95,49,60,23,70,84,65,62,62,20,60,59,91,20,34,56,32,20,86,62,70,68,41,42,39,24,84,http://a.espncdn.com/i/teamlogos/ncaa/500/2335.png,#071740,#a61f21,#N/A,#N/A,#N/A,#N/A,#N/A,#N/A,#N/A,#N/A,#N/A,#N/A,#N/A,#N/A,#N/A,#N/A,#N/A,#N/A,#N/A,#N/A,#N/A,#N/A,#N/A,#N/A,#N/A,#N/A,#N/A,#N/A,#N/A,#N/A,#N/A,#N/A,#N/A,#N/A,#N/A,#N/A,#N/A,#N/A,#N/A,#N/A,#N/A,#N/A,#N/A,#N/A,#N/A,#N/A,#N/A,#N/A,#N/A,#N/A,#N/A,#N/A,#N/A,#N/A,#N/A,#N/A,#N/A,#N/A,#N/A,#N/A,#N/A,#N/A,#N/A,#N/A,#N/A,#N/A,#N/A,#N/A,#N/A,#N/A,#N/A,#N/A,#N/A,#N/A,#N/A,#N/A,#N/A,#N/A,#N/A,#N/A,#N/A,58,23,54,#N/A,#N/A,#N/A
51,Gardner-Webb @ Georgia Southern,401309600,2021,1,regular,2021-09-04T22:00:00.000Z,Georgia Southern,Sun Belt,Gardner-Webb,NA,13,5,48,28,43,114,66,11,16,2,66,3,26,2,54,81,79,17,43,8,5,22,30,76,5,107,110,105,3,21,2,41,51,125,106,107,73,108,10,5,22,49,22,59,18,8,10,76,55,92,22,50,20,4,7,21,50,12,14,30,26,77,14,25,46,25,23,99,42,55,30,78,29,18,21,44,http://a.espncdn.com/i/teamlogos/ncaa/500/290.png,#003775,#f0f0f0,#N/A,#N/A,#N/A,#N/A,#N/A,#N/A,#N/A,#N/A,#N/A,#N/A,#N/A,#N/A,#N/A,#N/A,#N/A,#N/A,#N/A,#N/A,#N/A,#N/A,#N/A,#N/A,#N/A,#N/A,#N/A,#N/A,#N/A,#N/A,#N/A,#N/A,#N/A,#N/A,#N/A,#N/A,#N/A,#N/A,#N/A,#N/A,#N/A,#N/A,#N/A,#N/A,#N/A,#N/A,#N/A,#N/A,#N/A,#N/A,#N/A,#N/A,#N/A,#N/A,#N/A,#N/A,#N/A,#N/A,#N/A,#N/A,#N/A,#N/A,#N/A,#N/A,#N/A,#N/A,#N/A,#N/A,#N/A,#N/A,#N/A,#N/A,#N/A,#N/A,#N/A,#N/A,#N/A,#N/A,#N/A,#N/A,#N/A,54,20,92,#N/A,#N/A,#N/A
52,Akron @ Auburn,401281944,2021,1,regular,2021-09-04T23:00:00.000Z,Auburn,SEC,Akron,Mid-American,29,49,61,40,53,83,50,18,21,21,24,20,83,59,73,103,107,14,19,32,70,59,49,77,70,64,61,88,81,44,36,26,86,47,76,60,83,63,16,47,75,104,90,26,100,118,88,116,70,105,26,56,63,105,110,96,107,70,88,50,86,9,88,110,111,109,94,73,64,80,88,21,54,81,97,48,http://a.espncdn.com/i/teamlogos/ncaa/500/2.png,#03244d,#E87722,112,104,124,124,118,90,75,98,55,107,31,97,29,82,107,105,114,101,112,49,113,124,124,24,113,114,65,125,67,59,76,119,1,61,126,127,108,127,112,112,127,96,118,116,123,127,127,58,124,67,115,76,116,5,3,127,126,126,90,123,121,108,90,125,59,96,126,5,124,114,110,114,123,126,115,121,http://a.espncdn.com/i/teamlogos/ncaa/500/2006.png,#00285e,#84754e,73,64,23,107,116,124
53,Eastern Illinois @ South Carolina,401281951,2021,1,regular,2021-09-04T23:00:00.000Z,South Carolina,SEC,Eastern Illinois,NA,58,66,72,60,73,73,73,88,79,58,52,47,18,23,42,123,122,119,118,105,65,84,71,80,65,57,69,63,65,27,32,54,26,63,93,80,84,103,47,62,114,121,123,38,124,115,115,118,69,100,45,73,111,29,28,121,120,107,121,113,123,31,121,111,122,86,112,25,103,115,124,15,103,119,110,103,http://a.espncdn.com/i/teamlogos/ncaa/500/2579.png,#670010,#000000,#N/A,#N/A,#N/A,#N/A,#N/A,#N/A,#N/A,#N/A,#N/A,#N/A,#N/A,#N/A,#N/A,#N/A,#N/A,#N/A,#N/A,#N/A,#N/A,#N/A,#N/A,#N/A,#N/A,#N/A,#N/A,#N/A,#N/A,#N/A,#N/A,#N/A,#N/A,#N/A,#N/A,#N/A,#N/A,#N/A,#N/A,#N/A,#N/A,#N/A,#N/A,#N/A,#N/A,#N/A,#N/A,#N/A,#N/A,#N/A,#N/A,#N/A,#N/A,#N/A,#N/A,#N/A,#N/A,#N/A,#N/A,#N/A,#N/A,#N/A,#N/A,#N/A,#N/A,#N/A,#N/A,#N/A,#N/A,#N/A,#N/A,#N/A,#N/A,#N/A,#N/A,#N/A,#N/A,#N/A,#N/A,#N/A,#N/A,42,111,88,#N/A,#N/A,#N/A
54,Monmouth @ Middle Tennessee,401282173,2021,1,regular,2021-09-04T23:00:00.000Z,Middle Tennessee,Conference USA,Monmouth,NA,65,71,83,72,72,93,77,47,97,82,96,80,77,71,70,79,90,71,68,51,81,103,91,112,81,41,33,97,93,97,92,94,60,37,59,48,49,107,53,62,98,106,87,67,121,119,109,107,75,93,94,112,117,47,38,107,105,94,94,96,80,57,94,81,86,113,74,35,108,117,97,80,93,72,82,75,http://a.espncdn.com/i/teamlogos/ncaa/500/2393.png,#0079C2,#c3c5c8,#N/A,#N/A,#N/A,#N/A,#N/A,#N/A,#N/A,#N/A,#N/A,#N/A,#N/A,#N/A,#N/A,#N/A,#N/A,#N/A,#N/A,#N/A,#N/A,#N/A,#N/A,#N/A,#N/A,#N/A,#N/A,#N/A,#N/A,#N/A,#N/A,#N/A,#N/A,#N/A,#N/A,#N/A,#N/A,#N/A,#N/A,#N/A,#N/A,#N/A,#N/A,#N/A,#N/A,#N/A,#N/A,#N/A,#N/A,#N/A,#N/A,#N/A,#N/A,#N/A,#N/A,#N/A,#N/A,#N/A,#N/A,#N/A,#N/A,#N/A,#N/A,#N/A,#N/A,#N/A,#N/A,#N/A,#N/A,#N/A,#N/A,#N/A,#N/A,#N/A,#N/A,#N/A,#N/A,#N/A,#N/A,#N/A,#N/A,70,117,111,#N/A,#N/A,#N/A
55,Syracuse @ Ohio,401282611,2021,1,regular,2021-09-04T23:00:00.000Z,Ohio,Mid-American,Syracuse,ACC,126,126,40,112,71,10,114,7,17,122,8,118,11,103,66,2,2,4,23,1,49,23,61,4,49,78,73,75,6,12,77,56,6,122,85,113,91,28,126,126,29,7,63,13,37,122,104,5,39,3,40,7,8,109,114,124,125,100,87,51,62,29,87,10,5,57,7,40,73,33,74,20,88,9,36,28,http://a.espncdn.com/i/teamlogos/ncaa/500/195.png,#295A29,#e4bb85,59,14,125,125,124,98,105,118,101,86,82,82,88,85,124,66,76,123,119,110,125,126,122,124,125,115,124,46,115,124,126,120,116,13,120,119,122,82,6,11,74,117,82,31,110,98,63,123,64,121,79,120,39,52,46,76,70,73,100,61,77,18,100,101,102,78,98,38,84,111,66,69,92,70,91,30,http://a.espncdn.com/i/teamlogos/ncaa/500/183.png,#F37321,#0d1d37,66,8,85,124,40,102
56,Oregon State @ Purdue,401282819,2021,1,regular,2021-09-04T23:00:00.000Z,Purdue,Big Ten,Oregon State,Pac-12,105,106,56,84,48,97,117,121,100,121,74,120,100,121,50,95,91,57,45,82,59,49,34,90,59,68,74,92,126,117,116,51,125,2,51,50,47,93,97,105,63,42,71,20,85,42,13,23,9,17,4,5,82,56,52,105,89,113,64,49,68,5,64,79,87,83,70,32,15,15,49,5,99,117,104,66,http://a.espncdn.com/i/teamlogos/ncaa/500/2509.png,#B89D29,#a4a9ad,89,95,36,56,26,107,23,42,12,77,13,62,43,60,18,17,21,27,12,85,31,11,11,60,31,106,109,108,70,7,29,1,64,57,81,78,89,109,91,96,105,81,114,50,74,63,86,54,87,60,111,90,83,33,31,116,121,82,125,106,104,54,125,107,60,111,93,18,109,96,109,68,110,94,103,59,http://a.espncdn.com/i/teamlogos/ncaa/500/204.png,#c34500,#000000,50,82,52,18,83,78
57,Texas Tech @ Houston,401287886,2021,1,regular,2021-09-04T23:00:00.000Z,Houston,American Athletic,Texas Tech,Big 12,72,77,70,69,66,74,67,53,47,74,67,78,111,103,74,76,78,67,50,81,86,96,72,106,86,39,42,52,94,72,64,71,66,34,70,65,58,92,77,77,76,74,36,125,43,11,27,40,68,58,101,81,59,70,81,45,26,72,23,97,45,126,23,35,80,34,56,58,70,69,29,123,69,80,54,108,http://a.espncdn.com/i/teamlogos/ncaa/500/248.png,#C90822,#231f20,37,24,65,45,45,109,69,69,69,60,69,60,34,35,101,15,19,83,41,121,62,37,44,54,62,89,59,124,112,28,39,40,34,18,80,59,61,120,24,32,77,103,76,56,67,56,70,108,72,107,52,86,105,25,28,92,101,69,106,88,82,66,106,58,108,43,90,60,63,79,79,65,67,83,66,58,http://a.espncdn.com/i/teamlogos/ncaa/500/2641.png,#C80025,#231f20,74,60,63,101,105,69
58,Missouri State @ Oklahoma State,401287890,2021,1,regular,2021-09-04T23:00:00.000Z,Oklahoma State,Big 12,Missouri State,NA,9,4,84,54,103,27,45,97,117,23,93,22,61,20,90,15,16,72,84,43,90,80,104,26,90,83,84,58,31,94,66,118,33,97,60,41,50,47,21,4,24,47,13,89,26,20,24,84,50,91,96,118,28,119,119,10,11,37,29,46,16,116,29,11,51,16,17,76,33,41,37,82,56,28,6,90,http://a.espncdn.com/i/teamlogos/ncaa/500/197.png,#FF6500,#000000,#N/A,#N/A,#N/A,#N/A,#N/A,#N/A,#N/A,#N/A,#N/A,#N/A,#N/A,#N/A,#N/A,#N/A,#N/A,#N/A,#N/A,#N/A,#N/A,#N/A,#N/A,#N/A,#N/A,#N/A,#N/A,#N/A,#N/A,#N/A,#N/A,#N/A,#N/A,#N/A,#N/A,#N/A,#N/A,#N/A,#N/A,#N/A,#N/A,#N/A,#N/A,#N/A,#N/A,#N/A,#N/A,#N/A,#N/A,#N/A,#N/A,#N/A,#N/A,#N/A,#N/A,#N/A,#N/A,#N/A,#N/A,#N/A,#N/A,#N/A,#N/A,#N/A,#N/A,#N/A,#N/A,#N/A,#N/A,#N/A,#N/A,#N/A,#N/A,#N/A,#N/A,#N/A,#N/A,#N/A,#N/A,#N/A,#N/A,90,28,27,#N/A,#N/A,#N/A
59,Baylor @ Texas State,401287893,2021,1,regular,2021-09-04T23:00:00.000Z,Texas State,Sun Belt,Baylor,Big 12,25,8,89,64,87,57,52,109,64,48,23,30,67,47,61,107,108,110,106,97,94,61,83,18,94,108,77,118,105,58,46,90,31,23,92,72,79,100,1,6,110,127,116,32,48,104,101,127,80,127,74,124,112,66,63,119,117,108,113,104,111,28,113,114,127,116,69,36,91,122,102,42,91,114,120,42,http://a.espncdn.com/i/teamlogos/ncaa/500/326.png,#4e1719,#b4975a,67,60,115,113,119,55,19,125,127,99,99,91,117,110,87,48,54,114,111,99,123,123,119,105,123,96,106,35,116,120,120,121,68,12,100,82,110,78,67,52,45,54,50,34,36,46,60,80,57,73,82,87,101,41,44,59,53,65,53,37,48,43,53,63,40,62,14,33,66,75,56,85,95,33,42,26,http://a.espncdn.com/i/teamlogos/ncaa/500/239.png,#004834,#ffb81c,61,112,118,87,101,49
60,Nicholls @ Memphis,401300997,2021,1,regular,2021-09-04T23:00:00.000Z,Memphis,American Athletic,Nicholls,NA,14,18,47,27,68,22,79,100,98,50,80,45,76,53,59,95,86,85,67,86,93,89,84,42,93,27,31,42,101,106,101,92,89,27,31,10,45,23,7,16,82,115,54,104,72,86,81,100,59,90,18,43,60,86,92,73,79,47,51,55,42,58,51,105,123,96,110,108,61,77,51,73,20,82,70,91,http://a.espncdn.com/i/teamlogos/ncaa/500/235.png,#002447,#231f20,#N/A,#N/A,#N/A,#N/A,#N/A,#N/A,#N/A,#N/A,#N/A,#N/A,#N/A,#N/A,#N/A,#N/A,#N/A,#N/A,#N/A,#N/A,#N/A,#N/A,#N/A,#N/A,#N/A,#N/A,#N/A,#N/A,#N/A,#N/A,#N/A,#N/A,#N/A,#N/A,#N/A,#N/A,#N/A,#N/A,#N/A,#N/A,#N/A,#N/A,#N/A,#N/A,#N/A,#N/A,#N/A,#N/A,#N/A,#N/A,#N/A,#N/A,#N/A,#N/A,#N/A,#N/A,#N/A,#N/A,#N/A,#N/A,#N/A,#N/A,#N/A,#N/A,#N/A,#N/A,#N/A,#N/A,#N/A,#N/A,#N/A,#N/A,#N/A,#N/A,#N/A,#N/A,#N/A,#N/A,#N/A,#N/A,#N/A,59,61,47,#N/A,#N/A,#N/A
61,Abilene Christian @ SMU,401300998,2021,1,regular,2021-09-04T23:00:00.000Z,SMU,American Athletic,Abilene Christian,NA,33,34,24,17,32,17,10,67,49,41,36,32,45,30,56,30,30,30,31,45,76,29,40,39,76,26,20,25,91,37,33,29,44,36,38,14,43,31,32,39,83,101,56,102,28,49,48,96,54,95,66,94,123,64,70,43,25,71,24,78,50,106,24,72,103,93,48,45,72,85,50,99,82,84,73,89,http://a.espncdn.com/i/teamlogos/ncaa/500/2567.png,#E32F38,#ecdcb9,#N/A,#N/A,#N/A,#N/A,#N/A,#N/A,#N/A,#N/A,#N/A,#N/A,#N/A,#N/A,#N/A,#N/A,#N/A,#N/A,#N/A,#N/A,#N/A,#N/A,#N/A,#N/A,#N/A,#N/A,#N/A,#N/A,#N/A,#N/A,#N/A,#N/A,#N/A,#N/A,#N/A,#N/A,#N/A,#N/A,#N/A,#N/A,#N/A,#N/A,#N/A,#N/A,#N/A,#N/A,#N/A,#N/A,#N/A,#N/A,#N/A,#N/A,#N/A,#N/A,#N/A,#N/A,#N/A,#N/A,#N/A,#N/A,#N/A,#N/A,#N/A,#N/A,#N/A,#N/A,#N/A,#N/A,#N/A,#N/A,#N/A,#N/A,#N/A,#N/A,#N/A,#N/A,#N/A,#N/A,#N/A,#N/A,#N/A,56,123,57,#N/A,#N/A,#N/A
62,Norfolk State @ Toledo,401309543,2021,1,regular,2021-09-04T23:00:00.000Z,Toledo,Mid-American,Norfolk State,NA,94,99,25,50,34,12,86,105,91,95,48,90,80,98,71,17,17,100,107,62,73,46,60,28,73,16,10,43,79,93,95,79,106,48,8,27,17,13,104,96,34,20,32,60,1,39,34,15,43,13,30,14,38,77,75,44,64,22,50,40,30,90,50,30,32,39,19,95,27,24,17,87,32,50,61,36,http://a.espncdn.com/i/teamlogos/ncaa/500/2649.png,#00488F,#ffd51d,#N/A,#N/A,#N/A,#N/A,#N/A,#N/A,#N/A,#N/A,#N/A,#N/A,#N/A,#N/A,#N/A,#N/A,#N/A,#N/A,#N/A,#N/A,#N/A,#N/A,#N/A,#N/A,#N/A,#N/A,#N/A,#N/A,#N/A,#N/A,#N/A,#N/A,#N/A,#N/A,#N/A,#N/A,#N/A,#N/A,#N/A,#N/A,#N/A,#N/A,#N/A,#N/A,#N/A,#N/A,#N/A,#N/A,#N/A,#N/A,#N/A,#N/A,#N/A,#N/A,#N/A,#N/A,#N/A,#N/A,#N/A,#N/A,#N/A,#N/A,#N/A,#N/A,#N/A,#N/A,#N/A,#N/A,#N/A,#N/A,#N/A,#N/A,#N/A,#N/A,#N/A,#N/A,#N/A,#N/A,#N/A,#N/A,#N/A,71,39,66,#N/A,#N/A,#N/A
63,Central Arkansas @ Arkansas State,401309598,2021,1,regular,2021-09-04T23:00:00.000Z,Arkansas State,Sun Belt,Central Arkansas,NA,7,10,33,13,65,6,86,64,72,46,90,53,93,69,33,119,117,58,35,96,95,28,76,3,95,54,32,86,118,110,109,100,122,10,15,4,37,9,11,12,78,111,49,124,17,25,17,87,18,77,60,93,81,21,20,68,52,88,74,73,38,123,74,87,126,76,120,81,23,27,12,105,48,116,107,118,http://a.espncdn.com/i/teamlogos/ncaa/500/2032.png,#e81018,#000000,#N/A,#N/A,#N/A,#N/A,#N/A,#N/A,#N/A,#N/A,#N/A,#N/A,#N/A,#N/A,#N/A,#N/A,#N/A,#N/A,#N/A,#N/A,#N/A,#N/A,#N/A,#N/A,#N/A,#N/A,#N/A,#N/A,#N/A,#N/A,#N/A,#N/A,#N/A,#N/A,#N/A,#N/A,#N/A,#N/A,#N/A,#N/A,#N/A,#N/A,#N/A,#N/A,#N/A,#N/A,#N/A,#N/A,#N/A,#N/A,#N/A,#N/A,#N/A,#N/A,#N/A,#N/A,#N/A,#N/A,#N/A,#N/A,#N/A,#N/A,#N/A,#N/A,#N/A,#N/A,#N/A,#N/A,#N/A,#N/A,#N/A,#N/A,#N/A,#N/A,#N/A,#N/A,#N/A,#N/A,#N/A,#N/A,#N/A,33,81,98,#N/A,#N/A,#N/A
64,Southern @ Troy,401309602,2021,1,regular,2021-09-04T23:00:00.000Z,Troy,Sun Belt,Southern,NA,21,29,77,49,56,95,107,76,78,66,109,85,106,91,89,58,50,55,27,106,41,90,73,109,41,52,23,80,121,89,86,96,85,7,62,29,31,112,12,29,43,76,69,33,72,73,49,109,29,87,38,78,49,102,96,87,81,83,78,58,71,61,78,33,95,48,15,54,41,56,58,49,73,62,83,39,http://a.espncdn.com/i/teamlogos/ncaa/500/2653.png,#AE0210,#88898c,#N/A,#N/A,#N/A,#N/A,#N/A,#N/A,#N/A,#N/A,#N/A,#N/A,#N/A,#N/A,#N/A,#N/A,#N/A,#N/A,#N/A,#N/A,#N/A,#N/A,#N/A,#N/A,#N/A,#N/A,#N/A,#N/A,#N/A,#N/A,#N/A,#N/A,#N/A,#N/A,#N/A,#N/A,#N/A,#N/A,#N/A,#N/A,#N/A,#N/A,#N/A,#N/A,#N/A,#N/A,#N/A,#N/A,#N/A,#N/A,#N/A,#N/A,#N/A,#N/A,#N/A,#N/A,#N/A,#N/A,#N/A,#N/A,#N/A,#N/A,#N/A,#N/A,#N/A,#N/A,#N/A,#N/A,#N/A,#N/A,#N/A,#N/A,#N/A,#N/A,#N/A,#N/A,#N/A,#N/A,#N/A,#N/A,#N/A,89,50,65,#N/A,#N/A,#N/A
65,Florida Atlantic @ Florida,401281945,2021,1,regular,2021-09-04T23:30:00.000Z,Florida,SEC,Florida Atlantic,Conference USA,3,12,9,4,7,68,24,23,23,24,68,43,87,63,11,81,86,45,18,117,11,14,15,45,11,13,4,87,120,61,44,38,105,8,9,2,4,83,5,14,97,123,99,58,93,106,105,122,96,124,47,89,97,115,112,81,85,53,101,89,90,76,101,99,121,115,43,94,101,119,111,19,33,78,72,95,http://a.espncdn.com/i/teamlogos/ncaa/500/57.png,#0021A5,#FA4616,84,83,103,93,102,40,106,77,63,72,62,68,33,43,102,66,75,121,122,94,117,100,100,57,117,92,76,65,41,67,59,73,54,87,111,110,112,24,84,87,17,19,40,28,61,61,85,61,61,51,55,48,6,89,82,32,15,90,49,28,39,33,49,19,14,44,22,50,40,37,36,51,78,15,50,27,http://a.espncdn.com/i/teamlogos/ncaa/500/2226.png,#004B85,#bb2f4c,11,97,12,102,6,75
66,Georgia @ Clemson,401281946,2021,1,regular,2021-09-04T23:30:00.000Z,Clemson,ACC,Georgia,SEC,2,1,16,6,18,41,49,24,51,27,41,27,46,27,15,38,43,37,34,74,36,17,20,33,36,31,34,44,113,38,28,22,73,15,18,5,22,52,25,1,12,24,4,110,61,7,5,69,30,74,48,77,10,102,111,2,1,41,3,17,8,109,3,22,54,8,75,80,6,4,1,91,47,30,27,100,http://a.espncdn.com/i/teamlogos/ncaa/500/228.png,#522D80,#F56600,50,52,41,31,54,29,28,30,22,29,55,39,71,51,67,4,4,68,22,122,37,43,56,34,37,45,57,27,55,43,37,18,92,73,58,44,102,4,58,48,26,37,42,17,89,70,22,30,5,12,6,9,26,56,65,38,48,28,37,52,56,38,37,8,64,29,5,124,22,21,22,13,4,37,64,12,http://a.espncdn.com/i/teamlogos/ncaa/500/61.png,#CC0000,#000000,15,10,2,67,26,5
67,Northwestern State @ North Texas,401282175,2021,1,regular,2021-09-04T23:30:00.000Z,North Texas,Conference USA,Northwestern State,NA,24,27,19,10,24,24,86,5,6,11,51,19,44,21,29,86,84,9,4,46,35,25,31,30,35,20,18,26,44,24,16,14,65,84,27,16,48,10,31,29,118,126,97,113,111,113,120,124,110,126,122,127,121,36,41,118,109,116,95,122,109,121,95,76,117,47,116,21,119,127,103,115,107,109,87,101,http://a.espncdn.com/i/teamlogos/ncaa/500/249.png,#00853D,#000000,#N/A,#N/A,#N/A,#N/A,#N/A,#N/A,#N/A,#N/A,#N/A,#N/A,#N/A,#N/A,#N/A,#N/A,#N/A,#N/A,#N/A,#N/A,#N/A,#N/A,#N/A,#N/A,#N/A,#N/A,#N/A,#N/A,#N/A,#N/A,#N/A,#N/A,#N/A,#N/A,#N/A,#N/A,#N/A,#N/A,#N/A,#N/A,#N/A,#N/A,#N/A,#N/A,#N/A,#N/A,#N/A,#N/A,#N/A,#N/A,#N/A,#N/A,#N/A,#N/A,#N/A,#N/A,#N/A,#N/A,#N/A,#N/A,#N/A,#N/A,#N/A,#N/A,#N/A,#N/A,#N/A,#N/A,#N/A,#N/A,#N/A,#N/A,#N/A,#N/A,#N/A,#N/A,#N/A,#N/A,#N/A,#N/A,#N/A,29,121,109,#N/A,#N/A,#N/A
68,UT San Antonio @ Illinois,401282179,2021,1,regular,2021-09-04T23:30:00.000Z,Illinois,Big Ten,UT San Antonio,Conference USA,87,81,93,89,110,19,40,80,62,62,47,56,37,39,113,95,95,51,63,38,114,83,110,25,114,99,95,39,14,66,54,75,27,114,102,105,121,6,75,82,115,113,124,30,106,102,122,104,120,112,102,107,115,100,99,98,75,117,124,119,124,68,124,75,99,65,37,8,110,110,113,30,120,118,125,68,http://a.espncdn.com/i/teamlogos/ncaa/500/356.png,#f77329,#E84A27,19,20,55,30,86,20,71,31,25,12,46,14,13,7,31,56,59,35,40,47,46,47,95,13,46,67,68,56,39,34,19,97,5,89,79,68,66,73,34,27,62,86,57,48,115,60,71,99,77,104,75,97,56,123,120,12,6,59,52,68,53,85,52,56,79,82,9,66,77,93,86,53,63,53,25,80,http://a.espncdn.com/i/teamlogos/ncaa/500/2636.png,#002A5C,#f47321,113,115,81,#N/A,#N/A,#N/A
69,Northern Illinois @ Georgia Tech,401282610,2021,1,regular,2021-09-04T23:30:00.000Z,Georgia Tech,ACC,Northern Illinois,Mid-American,47,35,76,59,63,54,72,115,59,33,19,16,42,28,79,72,77,107,114,52,97,70,42,64,97,73,79,48,42,29,26,42,23,86,97,90,85,91,23,29,89,112,74,75,112,90,95,117,85,111,85,110,47,40,40,88,76,92,68,79,65,81,68,88,114,100,47,68,71,84,77,26,60,91,60,104,http://a.espncdn.com/i/teamlogos/ncaa/500/59.png,#A28D5B,#003057,99,102,102,105,76,108,74,95,87,101,72,103,110,114,63,92,99,97,101,78,79,92,57,85,79,102,90,116,98,90,97,78,75,31,88,87,71,110,111,102,100,62,98,95,101,47,35,19,79,27,100,50,50,20,17,67,87,23,82,66,84,48,82,123,72,122,115,30,65,47,69,92,100,121,121,93,http://a.espncdn.com/i/teamlogos/ncaa/500/2459.png,#F1122C,#cc0000,79,48,61,63,51,116
70,William & Mary @ Virginia,401282613,2021,1,regular,2021-09-04T23:30:00.000Z,Virginia,ACC,William & Mary,NA,34,39,54,38,52,63,42,4,9,28,40,38,98,80,28,61,63,25,6,115,39,52,54,35,39,61,62,94,96,32,31,33,62,33,75,57,69,65,46,41,61,79,38,112,87,58,23,64,32,61,83,84,27,50,58,37,27,58,28,64,34,113,28,53,107,66,81,91,30,34,15,58,37,88,84,112,http://a.espncdn.com/i/teamlogos/ncaa/500/258.png,#00204e,#F84C1E,#N/A,#N/A,#N/A,#N/A,#N/A,#N/A,#N/A,#N/A,#N/A,#N/A,#N/A,#N/A,#N/A,#N/A,#N/A,#N/A,#N/A,#N/A,#N/A,#N/A,#N/A,#N/A,#N/A,#N/A,#N/A,#N/A,#N/A,#N/A,#N/A,#N/A,#N/A,#N/A,#N/A,#N/A,#N/A,#N/A,#N/A,#N/A,#N/A,#N/A,#N/A,#N/A,#N/A,#N/A,#N/A,#N/A,#N/A,#N/A,#N/A,#N/A,#N/A,#N/A,#N/A,#N/A,#N/A,#N/A,#N/A,#N/A,#N/A,#N/A,#N/A,#N/A,#N/A,#N/A,#N/A,#N/A,#N/A,#N/A,#N/A,#N/A,#N/A,#N/A,#N/A,#N/A,#N/A,#N/A,#N/A,#N/A,#N/A,28,27,54,#N/A,#N/A,#N/A
71,Kent State @ Texas A&M,401282053,2021,1,regular,2021-09-05T00:00:00.000Z,Texas A&M,SEC,Kent State,Mid-American,40,61,18,15,12,105,13,71,24,20,22,16,49,29,39,45,58,11,5,67,34,19,17,70,34,33,11,119,47,26,24,9,97,81,22,19,18,90,63,70,37,41,33,63,79,35,57,45,37,36,17,24,60,117,116,29,54,21,34,45,49,65,34,26,83,17,64,122,17,18,24,8,6,55,46,83,http://a.espncdn.com/i/teamlogos/ncaa/500/245.png,#5C0025,#ffffff,116,122,1,32,2,39,2,2,2,91,1,74,64,92,2,42,36,10,28,4,6,4,2,65,6,1,8,3,15,2,35,6,52,113,3,47,2,35,123,122,104,36,73,127,120,66,103,14,122,23,126,71,124,9,13,47,55,34,41,114,67,127,41,61,9,91,68,6,122,81,65,127,122,24,69,94,http://a.espncdn.com/i/teamlogos/ncaa/500/2309.png,#002445,#f0b510,39,61,9,1,124,103
72,East Tennessee State @ Vanderbilt,401282054,2021,1,regular,2021-09-05T00:00:00.000Z,Vanderbilt,SEC,East Tennessee State,NA,79,87,117,114,105,122,79,73,109,89,119,95,123,118,121,117,119,113,109,104,84,120,102,110,84,103,95,121,72,113,112,108,120,58,105,99,86,101,86,81,125,119,126,53,95,88,118,52,117,64,120,104,87,37,33,102,110,74,118,125,126,80,118,93,119,77,88,106,114,97,117,75,22,122,127,35,http://a.espncdn.com/i/teamlogos/ncaa/500/238.png,#000000,#866D4B,#N/A,#N/A,#N/A,#N/A,#N/A,#N/A,#N/A,#N/A,#N/A,#N/A,#N/A,#N/A,#N/A,#N/A,#N/A,#N/A,#N/A,#N/A,#N/A,#N/A,#N/A,#N/A,#N/A,#N/A,#N/A,#N/A,#N/A,#N/A,#N/A,#N/A,#N/A,#N/A,#N/A,#N/A,#N/A,#N/A,#N/A,#N/A,#N/A,#N/A,#N/A,#N/A,#N/A,#N/A,#N/A,#N/A,#N/A,#N/A,#N/A,#N/A,#N/A,#N/A,#N/A,#N/A,#N/A,#N/A,#N/A,#N/A,#N/A,#N/A,#N/A,#N/A,#N/A,#N/A,#N/A,#N/A,#N/A,#N/A,#N/A,#N/A,#N/A,#N/A,#N/A,#N/A,#N/A,#N/A,#N/A,#N/A,#N/A,121,87,106,#N/A,#N/A,#N/A
73,Southern Mississippi @ South Alabama,401282177,2021,1,regular,2021-09-05T00:00:00.000Z,South Alabama,Sun Belt,Southern Mississippi,Conference USA,27,39,98,76,107,23,35,101,115,54,104,58,113,87,119,105,106,111,117,66,120,114,97,81,120,66,94,12,76,112,111,101,94,51,67,45,101,14,33,40,81,100,94,45,5,53,55,97,41,85,70,98,52,44,43,103,114,64,96,91,94,71,96,54,120,99,29,48,45,60,62,38,80,110,123,57,http://a.espncdn.com/i/teamlogos/ncaa/500/6.png,#003E7E,,63,56,63,57,82,32,102,61,65,49,44,41,48,36,78,76,74,73,103,13,105,51,92,11,105,79,45,114,49,57,45,81,21,80,68,66,72,55,45,53,94,102,84,80,79,99,87,106,33,75,54,80,64,19,18,108,100,104,79,83,76,45,79,95,101,104,104,28,79,95,85,45,98,95,81,106,http://a.espncdn.com/i/teamlogos/ncaa/500/2572.png,#FFAA3C,#ffc423,119,53,120,#N/A,#N/A,#N/A
74,Duquesne @ TCU,401287891,2021,1,regular,2021-09-05T00:00:00.000Z,TCU,Big 12,Duquesne,NA,49,29,67,52,85,31,36,91,53,32,35,23,8,9,114,63,62,74,93,29,68,39,79,14,68,91,89,74,34,16,17,46,9,95,103,94,109,66,56,20,20,27,1,117,37,10,7,44,12,42,92,91,35,89,85,8,17,15,2,31,5,107,2,16,57,1,118,85,11,11,2,74,43,41,7,120,http://a.espncdn.com/i/teamlogos/ncaa/500/2628.png,#3C377D,#f1f2f3,#N/A,#N/A,#N/A,#N/A,#N/A,#N/A,#N/A,#N/A,#N/A,#N/A,#N/A,#N/A,#N/A,#N/A,#N/A,#N/A,#N/A,#N/A,#N/A,#N/A,#N/A,#N/A,#N/A,#N/A,#N/A,#N/A,#N/A,#N/A,#N/A,#N/A,#N/A,#N/A,#N/A,#N/A,#N/A,#N/A,#N/A,#N/A,#N/A,#N/A,#N/A,#N/A,#N/A,#N/A,#N/A,#N/A,#N/A,#N/A,#N/A,#N/A,#N/A,#N/A,#N/A,#N/A,#N/A,#N/A,#N/A,#N/A,#N/A,#N/A,#N/A,#N/A,#N/A,#N/A,#N/A,#N/A,#N/A,#N/A,#N/A,#N/A,#N/A,#N/A,#N/A,#N/A,#N/A,#N/A,#N/A,#N/A,#N/A,114,35,35,#N/A,#N/A,#N/A
75,Montana @ Washington,401309839,2021,1,regular,2021-09-05T00:00:00.000Z,Washington,Pac-12,Montana,NA,122,125,27,88,33,86,10,41,68,118,63,115,81,113,51,21,21,3,1,71,32,41,64,88,32,14,5,102,22,60,84,47,87,106,14,76,23,54,124,125,70,21,113,8,49,120,126,10,100,9,27,5,109,106,104,97,93,93,119,107,122,21,119,12,12,27,25,72,95,45,122,24,55,38,75,9,http://a.espncdn.com/i/teamlogos/ncaa/500/264.png,#2B2F64,#B7A57A,#N/A,#N/A,#N/A,#N/A,#N/A,#N/A,#N/A,#N/A,#N/A,#N/A,#N/A,#N/A,#N/A,#N/A,#N/A,#N/A,#N/A,#N/A,#N/A,#N/A,#N/A,#N/A,#N/A,#N/A,#N/A,#N/A,#N/A,#N/A,#N/A,#N/A,#N/A,#N/A,#N/A,#N/A,#N/A,#N/A,#N/A,#N/A,#N/A,#N/A,#N/A,#N/A,#N/A,#N/A,#N/A,#N/A,#N/A,#N/A,#N/A,#N/A,#N/A,#N/A,#N/A,#N/A,#N/A,#N/A,#N/A,#N/A,#N/A,#N/A,#N/A,#N/A,#N/A,#N/A,#N/A,#N/A,#N/A,#N/A,#N/A,#N/A,#N/A,#N/A,#N/A,#N/A,#N/A,#N/A,#N/A,#N/A,#N/A,51,109,13,#N/A,#N/A,#N/A
76,LSU @ UCLA,401281948,2021,1,regular,2021-09-05T00:30:00.000Z,UCLA,Pac-12,LSU,SEC,86,91,30,47,29,67,108,82,54,61,10,36,38,41,35,89,84,70,62,70,52,31,23,55,52,32,54,64,19,55,49,39,40,109,20,49,25,76,82,85,52,45,96,11,99,76,79,35,67,38,11,12,44,39,45,79,73,78,54,35,102,3,54,73,39,105,50,110,75,63,119,6,18,31,59,24,http://a.espncdn.com/i/teamlogos/ncaa/500/26.png,#005C8E,#ffc72c,22,20,75,48,50,104,76,58,73,53,120,84,119,106,95,89,97,26,10,89,40,88,62,98,40,53,29,101,114,107,108,52,124,14,57,22,52,64,51,23,108,118,115,73,12,66,91,78,95,86,88,83,57,110,109,19,59,6,112,109,115,74,112,102,116,94,103,101,99,100,114,50,26,100,105,78,http://a.espncdn.com/i/teamlogos/ncaa/500/99.png,#22005c,#fdd023,35,45,29,95,58,26
77,Bethune-Cookman @ UTEP,401282178,2021,1,regular,2021-09-05T01:00:00.000Z,UTEP,Conference USA,Bethune-Cookman,NA,82,82,79,77,113,13,46,85,107,85,123,101,112,102,83,81,81,69,30,119,112,113,117,102,112,28,82,4,46,104,106,114,76,82,47,55,99,7,89,84,86,67,68,96,122,78,51,36,40,35,43,33,103,26,26,70,41,96,43,84,73,93,43,71,92,68,71,51,46,39,63,37,76,111,62,115,http://a.espncdn.com/i/teamlogos/ncaa/500/2638.png,#002843,#ff6f12,#N/A,#N/A,#N/A,#N/A,#N/A,#N/A,#N/A,#N/A,#N/A,#N/A,#N/A,#N/A,#N/A,#N/A,#N/A,#N/A,#N/A,#N/A,#N/A,#N/A,#N/A,#N/A,#N/A,#N/A,#N/A,#N/A,#N/A,#N/A,#N/A,#N/A,#N/A,#N/A,#N/A,#N/A,#N/A,#N/A,#N/A,#N/A,#N/A,#N/A,#N/A,#N/A,#N/A,#N/A,#N/A,#N/A,#N/A,#N/A,#N/A,#N/A,#N/A,#N/A,#N/A,#N/A,#N/A,#N/A,#N/A,#N/A,#N/A,#N/A,#N/A,#N/A,#N/A,#N/A,#N/A,#N/A,#N/A,#N/A,#N/A,#N/A,#N/A,#N/A,#N/A,#N/A,#N/A,#N/A,#N/A,#N/A,#N/A,83,103,125,#N/A,#N/A,#N/A
78,Nevada @ California,401309837,2021,1,regular,2021-09-05T02:30:00.000Z,California,Pac-12,Nevada,Mountain West,120,120,114,118,114,123,114,119,96,122,101,125,79,116,43,121,121,77,95,31,75,116,108,121,75,100,114,99,99,82,103,80,115,29,116,118,116,105,125,123,59,18,112,5,68,80,90,8,24,5,63,13,80,11,19,82,97,42,127,63,116,11,127,74,26,57,61,24,37,26,84,10,104,90,126,10,http://a.espncdn.com/i/teamlogos/ncaa/500/25.png,#031522,#ffc423,69,72,22,26,60,8,118,124,105,98,53,89,22,55,75,72,69,34,78,7,44,33,66,8,44,17,40,50,123,68,67,82,22,6,25,12,44,48,64,72,42,50,43,43,46,71,56,55,28,41,51,52,53,89,79,111,95,119,55,47,55,50,55,39,50,24,45,111,48,46,43,52,17,36,47,38,http://a.espncdn.com/i/teamlogos/ncaa/500/2440.png,#153E5F,#8e9295,43,80,53,75,54,67
79,BYU @ Arizona,401309841,2021,1,regular,2021-09-05T02:30:00.000Z,Arizona,Pac-12,BYU,FBS Independents,110,111,112,115,90,117,82,86,36,109,34,105,54,100,120,127,127,96,85,103,98,101,75,113,98,113,91,110,107,70,88,64,67,21,119,120,98,121,116,110,107,58,93,76,64,75,43,25,48,26,121,103,71,14,9,123,116,122,120,101,88,67,120,113,47,106,107,3,80,65,87,97,125,125,109,86,http://a.espncdn.com/i/teamlogos/ncaa/500/12.png,#CC0033,#003366,17,27,3,3,4,11,96,49,34,17,14,12,21,16,4,53,44,7,17,12,10,1,5,5,10,7,5,67,66,10,8,14,19,62,5,3,3,43,19,26,15,29,15,39,84,111,58,94,6,48,3,16,15,121,125,86,99,49,33,20,15,27,33,31,84,19,55,88,3,3,11,7,40,44,34,63,http://a.espncdn.com/i/teamlogos/ncaa/500/252.png,#001E4C,#ffffff,120,71,96,4,16,31
80,New Mexico State @ San Diego State,401310699,2021,1,regular,2021-09-05T02:30:00.000Z,San Diego State,Mountain West,New Mexico State,FBS Independents,76,77,108,108,109,59,64,117,112,65,95,62,39,32,106,19,26,93,110,40,92,93,103,50,92,118,102,70,13,96,87,110,29,115,98,101,92,87,82,73,1,1,3,24,2,1,1,12,34,25,36,26,21,52,56,7,5,36,16,1,2,19,16,15,4,12,16,112,13,14,3,122,16,4,9,1,http://a.espncdn.com/i/teamlogos/ncaa/500/21.png,#BF2C37,#a8996e,#N/A,#N/A,#N/A,#N/A,#N/A,#N/A,#N/A,#N/A,#N/A,#N/A,#N/A,#N/A,#N/A,#N/A,#N/A,#N/A,#N/A,#N/A,#N/A,#N/A,#N/A,#N/A,#N/A,#N/A,#N/A,#N/A,#N/A,#N/A,#N/A,#N/A,#N/A,#N/A,#N/A,#N/A,#N/A,#N/A,#N/A,#N/A,#N/A,#N/A,#N/A,#N/A,#N/A,#N/A,#N/A,#N/A,#N/A,#N/A,#N/A,#N/A,#N/A,#N/A,#N/A,#N/A,#N/A,#N/A,#N/A,#N/A,#N/A,#N/A,#N/A,#N/A,#N/A,#N/A,#N/A,#N/A,#N/A,#N/A,#N/A,#N/A,#N/A,#N/A,#N/A,#N/A,#N/A,#N/A,#N/A,#N/A,#N/A,106,21,72,#N/A,#N/A,130
81,Utah State @ Washington State,401309840,2021,1,regular,2021-09-05T03:00:00.000Z,Washington State,Pac-12,Utah State,Mountain West,123,122,74,110,28,112,123,107,82,125,15,123,20,109,34,107,100,92,83,94,27,48,29,37,27,94,43,127,124,15,83,35,11,4,94,106,27,126,122,121,126,63,104,114,98,74,82,4,113,6,99,15,119,56,61,49,31,80,65,126,113,125,65,100,76,69,95,123,111,51,101,112,5,124,99,92,http://a.espncdn.com/i/teamlogos/ncaa/500/265.png,#94022a,#6a747c,112,110,120,120,120,61,27,110,75,114,83,110,35,86,116,79,82,63,53,63,91,109,120,20,91,124,126,106,83,71,85,106,17,45,124,122,123,102,96,108,113,87,120,46,96,100,106,45,112,58,104,64,90,115,101,110,84,123,123,111,119,51,123,116,89,103,87,47,107,83,105,66,83,115,122,53,http://a.espncdn.com/i/teamlogos/ncaa/500/328.png,#003263,#949ca1,34,119,45,116,90,114
82,Notre Dame @ Florida State,401282614,2021,1,regular,2021-09-05T23:30:00.000Z,Florida State,ACC,Notre Dame,FBS Independents,61,66,78,67,79,69,19,46,11,42,3,21,17,25,97,86,101,104,91,112,104,74,48,69,104,76,98,61,73,1,7,13,10,55,122,124,115,116,62,62,101,107,111,81,58,51,67,81,97,99,98,106,93,29,32,100,88,105,98,81,99,64,98,121,98,121,97,42,97,107,99,108,87,99,118,55,http://a.espncdn.com/i/teamlogos/ncaa/500/52.png,#782F40,#ceb888,4,26,35,12,36,70,5,28,38,9,33,9,24,8,47,66,56,13,42,6,60,32,35,58,60,36,47,77,40,51,21,45,79,88,39,17,38,44,36,16,25,44,21,100,66,3,14,51,86,80,77,74,16,124,122,5,7,17,6,15,23,69,6,55,67,37,72,120,32,36,21,106,8,32,32,74,http://a.espncdn.com/i/teamlogos/ncaa/500/87.png,#00122b,#ae9142,97,93,50,47,17,18
83,Ole Miss @ Louisville,401282055,2021,1,regular,2021-09-07T00:00:00.000Z,Louisville,ACC,Ole Miss,SEC,37,36,23,19,70,2,59,113,80,38,11,13,6,6,55,114,112,103,123,17,111,56,90,12,111,15,22,18,50,13,15,85,2,78,49,33,51,32,41,43,49,69,31,105,60,41,61,98,107,119,68,92,55,23,25,50,66,29,11,32,35,49,11,68,61,38,109,20,51,71,46,98,108,54,20,111,http://a.espncdn.com/i/teamlogos/ncaa/500/97.png,#ad000a,#cccccc,41,53,20,18,20,48,101,43,57,22,50,24,74,44,23,92,104,59,77,26,17,42,39,62,17,6,9,41,38,31,22,53,35,90,23,24,9,80,41,71,124,125,125,78,86,110,112,95,115,109,106,113,120,121,123,93,112,39,114,120,120,97,114,117,118,124,52,93,123,126,126,96,35,105,112,56,http://a.espncdn.com/i/teamlogos/ncaa/500/145.png,#001148,#CE1126,55,56,42,23,120,25